path,pageType,visibility,status,title,canonical,generatorOwners,usesSitePromoScript,currentFacebookLinkCount,oldFacebookLinkCount,malformedFacebookLinkCount,currentGoogleMapsLinkCount,oldGoogleMapsLinkCount,bookLinkCount,businessLinkCount,trackLinkCount,usesSharedCookieScript,hasCookieBanner,jsonLdTypes
404.html,utility,public_support,PASS,Page Not Found | AssembleAtEase,https://www.assembleatease.com/,unmapped,false,1,0,0,0,0,11,1,3,true,true,
about.html,core_marketing,public_marketing,PASS,About Us &mdash; AssembleAtEase,https://www.assembleatease.com/about,manual marketing page,false,2,0,0,1,0,10,1,3,true,true,AboutPage|BreadcrumbList|Organization
assemblecash.html,support,public_support,PASS,AssembleCash Rewards — Earn 5% Back Toward Your Next Setup | AssembleAtEase,https://www.assembleatease.com/assemblecash,manual marketing page,false,1,0,0,0,0,10,1,5,true,true,
assembler/apply.html,assembler_public,public_hiring,PASS,Apply to Become an Easer | AssembleAtEase,https://www.assembleatease.com/assembler/apply,manual assembler page,false,0,0,0,0,0,0,0,0,true,true,
assembler/contractor-agreement.html,assembler_portal,private_assembler,PASS,Independent Contractor Agreement | AssembleAtEase,,manual assembler page,false,0,0,0,0,0,0,0,0,false,false,
assembler/index.html,assembler_portal,private_assembler,PASS,Home — Easer,,manual assembler page,false,0,0,0,0,0,0,0,0,false,false,
assembler/my-assignments.html,assembler_portal,private_assembler,PASS,Jobs — Easer,,manual assembler page,false,0,0,0,0,0,0,0,0,false,false,
assembler/payouts.html,assembler_portal,private_assembler,PASS,Earnings — Easer,,manual assembler page,false,0,0,0,0,0,0,0,0,false,false,
assembler/profile.html,assembler_portal,private_assembler,PASS,My Profile — Easer,,manual assembler page,false,0,0,0,0,0,0,0,0,false,false,
assembler/verify-identity.html,assembler_portal,private_assembler,PASS,Verify Identity | AssembleAtEase,,manual assembler page,false,0,0,0,0,0,0,0,0,false,false,
auth/forgot-password.html,auth,private_customer,PASS,Reset Password — AssembleAtEase,,manual auth page,false,0,0,0,0,0,0,0,0,false,false,
auth/login.html,auth,private_customer,PASS,Easer Sign In — AssembleAtEase,,manual auth page,false,0,0,0,0,0,0,0,0,false,false,
auth/reset-password.html,auth,private_customer,PASS,Set New Password — AssembleAtEase,,manual auth page,false,0,0,0,0,0,0,0,0,false,false,
auth/set-password.html,auth,private_customer,PASS,Set Your Password — AssembleAtEase,,manual auth page,false,0,0,0,0,0,0,0,0,false,false,
auth/signup.html,auth,private_customer,PASS,Apply to Join — AssembleAtEase,,manual auth page,false,0,0,0,0,0,0,0,0,false,false,
blog/bed-frame-assembly-austin.html,blog_article,public_marketing,PASS,Bed Frame Assembly in Austin TX | AssembleAtEase,https://www.assembleatease.com/blog/bed-frame-assembly-austin,manual content|scripts/cleanup-blog-pages.mjs,false,1,0,0,0,0,3,1,2,true,true,BlogPosting
blog/best-furniture-assembly-austin.html,blog_article,public_marketing,PASS,Best Furniture Assembly Service in Austin | AssembleAtEase,https://www.assembleatease.com/blog/best-furniture-assembly-austin,manual content|scripts/cleanup-blog-pages.mjs,false,1,0,0,0,0,3,1,2,true,true,BlogPosting
blog/crate-and-barrel-furniture-assembly-austin.html,blog_article,public_marketing,PASS,Crate and Barrel Assembly Cost in Austin | AssembleAtEase,https://www.assembleatease.com/blog/crate-and-barrel-furniture-assembly-austin,manual content|scripts/cleanup-blog-pages.mjs,false,1,0,0,0,0,3,1,2,true,true,BlogPosting
blog/garage-shelving-installation-austin.html,blog_article,public_marketing,PASS,Garage Shelving Installation Cost in Austin | AssembleAtEase,https://www.assembleatease.com/blog/garage-shelving-installation-austin,manual content|scripts/cleanup-blog-pages.mjs,false,1,0,0,0,0,3,1,2,true,true,BlogPosting
blog/ikea-assembly-cost-austin.html,blog_article,public_marketing,PASS,IKEA Assembly Cost in Austin | AssembleAtEase,https://www.assembleatease.com/blog/ikea-assembly-cost-austin,manual content|scripts/cleanup-blog-pages.mjs,false,1,0,0,0,0,3,1,2,true,true,BlogPosting
blog/ikea-pax-wardrobe-assembly.html,blog_article,public_marketing,PASS,IKEA PAX Wardrobe Assembly | AssembleAtEase,https://www.assembleatease.com/blog/ikea-pax-wardrobe-assembly,manual content|scripts/cleanup-blog-pages.mjs,false,1,0,0,0,0,3,1,2,true,true,BlogPosting
blog/index.html,blog_index,public_marketing,PASS,Texas Home Setup Guides | AssembleAtEase,https://www.assembleatease.com/blog,manual content|scripts/cleanup-blog-pages.mjs,false,1,0,0,0,0,6,2,2,true,true,
blog/new-home-setup-checklist-austin.html,blog_article,public_marketing,PASS,New Home Setup Checklist for Austin Movers | AssembleAtEase,https://www.assembleatease.com/blog/new-home-setup-checklist-austin,manual content|scripts/cleanup-blog-pages.mjs,false,1,0,0,0,0,3,1,2,true,true,BlogPosting
blog/outdoor-tv-installation-austin-texas.html,blog_article,public_marketing,PASS,Outdoor TV Installation Cost in Austin | AssembleAtEase,https://www.assembleatease.com/blog/outdoor-tv-installation-austin-texas,manual content|scripts/cleanup-blog-pages.mjs,false,1,0,0,0,0,3,1,2,true,true,BlogPosting
blog/same-day-handyman-austin.html,blog_article,public_marketing,PASS,Same-Day Handyman Service in Austin | AssembleAtEase,https://www.assembleatease.com/blog/same-day-handyman-austin,manual content|scripts/cleanup-blog-pages.mjs,false,1,0,0,0,0,3,1,2,true,true,BlogPosting
blog/smart-home-installation-austin.html,blog_article,public_marketing,PASS,Smart Home Installation in Austin | AssembleAtEase,https://www.assembleatease.com/blog/smart-home-installation-austin,manual content|scripts/cleanup-blog-pages.mjs,false,1,0,0,0,0,3,1,2,true,true,BlogPosting
blog/texas-furniture-assembly-home-setup-guide.html,blog_article,public_marketing,PASS,Texas Furniture Assembly and Home Setup Guide | AssembleAtEase,https://www.assembleatease.com/blog/texas-furniture-assembly-home-setup-guide,manual content|scripts/cleanup-blog-pages.mjs,false,1,0,0,0,0,3,1,2,true,true,BlogPosting
blog/tv-mounting-costs-austin.html,blog_article,public_marketing,PASS,TV Mounting Costs in Austin TX | AssembleAtEase,https://www.assembleatease.com/blog/tv-mounting-costs-austin,manual content|scripts/cleanup-blog-pages.mjs,false,1,0,0,0,0,3,1,2,true,true,BlogPosting
blog/tv-mounting-in-apartment-austin-texas.html,blog_article,public_marketing,PASS,TV Mounting in an Austin Apartment | AssembleAtEase,https://www.assembleatease.com/blog/tv-mounting-in-apartment-austin-texas,manual content|scripts/cleanup-blog-pages.mjs,false,2,0,0,0,0,4,1,2,true,true,BlogPosting
blog/tv-mounting-tips-austin.html,blog_article,public_marketing,PASS,TV Mounting Tips for Austin Homes | AssembleAtEase,https://www.assembleatease.com/blog/tv-mounting-tips-austin,manual content|scripts/cleanup-blog-pages.mjs,false,1,0,0,0,0,3,1,2,true,true,BlogPosting
blog/tv-wall-mount-installation-cost-austin.html,blog_article,public_marketing,PASS,TV Wall Mount Installation Cost in Austin | AssembleAtEase,https://www.assembleatease.com/blog/tv-wall-mount-installation-cost-austin,manual content|scripts/cleanup-blog-pages.mjs,false,1,0,0,0,0,3,1,2,true,true,BlogPosting
blog/wayfair-furniture-assembly-austin.html,blog_article,public_marketing,PASS,Wayfair Furniture Assembly in Austin | AssembleAtEase,https://www.assembleatease.com/blog/wayfair-furniture-assembly-austin,manual content|scripts/cleanup-blog-pages.mjs,false,1,0,0,0,0,3,1,2,true,true,BlogPosting
blog/why-hire-handyman-austin.html,blog_article,public_marketing,PASS,Why Austin Homeowners Hire Instead of DIY | AssembleAtEase,https://www.assembleatease.com/blog/why-hire-handyman-austin,manual content|scripts/cleanup-blog-pages.mjs,false,1,0,0,0,0,3,1,2,true,true,BlogPosting
book.html,booking,public_conversion,PASS,Book a Service &mdash; AssembleAtEase,https://www.assembleatease.com/book,manual core page,false,1,0,0,0,0,0,0,1,true,true,
bundles.html,core_marketing,public_marketing,PASS,Room-Ready Setup Bundles — Whole-Room Setup in One Visit | AssembleAtEase,https://www.assembleatease.com/bundles,manual marketing page,false,1,0,0,0,0,6,1,3,true,true,
business.html,business,public_marketing,PASS,Business &amp; Commercial Services &mdash; AssembleAtEase,https://www.assembleatease.com/business,manual core page,true,1,0,0,0,0,8,1,3,true,true,BreadcrumbList|Service
contact.html,core_marketing,public_marketing,PASS,Contact Us &mdash; AssembleAtEase,https://www.assembleatease.com/contact,manual marketing page,false,1,0,0,0,0,8,1,4,true,true,BreadcrumbList|ContactPage
fitness-equipment-assembly-abilene-tx.html,city_service,public_marketing,PASS,"Fitness Equipment Assembly in Abilene, TX — From $119 | AssembleAtEase",https://www.assembleatease.com/fitness-equipment-assembly-abilene-tx,scripts/generate-location-pages.js|scripts/refresh-seo-and-promo-pages.mjs,true,1,0,0,0,0,10,1,2,true,true,BreadcrumbList|FAQPage|Question|Service
fitness-equipment-assembly-allen-tx.html,city_service,public_marketing,PASS,"Fitness Equipment Assembly in Allen, TX — From $119 | AssembleAtEase",https://www.assembleatease.com/fitness-equipment-assembly-allen-tx,scripts/generate-location-pages.js|scripts/refresh-seo-and-promo-pages.mjs,true,1,0,0,0,0,10,1,2,true,true,BreadcrumbList|FAQPage|Question|Service
fitness-equipment-assembly-amarillo-tx.html,city_service,public_marketing,PASS,"Fitness Equipment Assembly in Amarillo, TX — From $119 | AssembleAtEase",https://www.assembleatease.com/fitness-equipment-assembly-amarillo-tx,scripts/generate-location-pages.js|scripts/refresh-seo-and-promo-pages.mjs,true,1,0,0,0,0,10,1,2,true,true,BreadcrumbList|FAQPage|Question|Service
fitness-equipment-assembly-arlington-tx.html,city_service,public_marketing,PASS,"Fitness Equipment Assembly in Arlington, TX — From $119 | AssembleAtEase",https://www.assembleatease.com/fitness-equipment-assembly-arlington-tx,scripts/generate-location-pages.js|scripts/refresh-seo-and-promo-pages.mjs,true,1,0,0,0,0,10,1,2,true,true,BreadcrumbList|FAQPage|Question|Service
fitness-equipment-assembly-austin-tx.html,flagship_service,public_marketing,PASS,"Fitness Equipment Assembly in Austin, TX — From $119 | AssembleAtEase",https://www.assembleatease.com/fitness-equipment-assembly-austin-tx,scripts/build-flagship-service-pages.mjs,true,1,0,0,0,0,10,1,2,true,true,BreadcrumbList|FAQPage|Question|Service
fitness-equipment-assembly-baytown-tx.html,city_service,public_marketing,PASS,"Fitness Equipment Assembly in Baytown, TX — From $119 | AssembleAtEase",https://www.assembleatease.com/fitness-equipment-assembly-baytown-tx,scripts/generate-location-pages.js|scripts/refresh-seo-and-promo-pages.mjs,true,1,0,0,0,0,10,1,2,true,true,BreadcrumbList|FAQPage|Question|Service
fitness-equipment-assembly-beaumont-tx.html,city_service,public_marketing,PASS,"Fitness Equipment Assembly in Beaumont, TX — From $119 | AssembleAtEase",https://www.assembleatease.com/fitness-equipment-assembly-beaumont-tx,scripts/generate-location-pages.js|scripts/refresh-seo-and-promo-pages.mjs,true,1,0,0,0,0,10,1,2,true,true,BreadcrumbList|FAQPage|Question|Service
fitness-equipment-assembly-bee-cave-tx.html,city_service,public_marketing,PASS,"Fitness Equipment Assembly in Bee Cave, TX — From $119 | AssembleAtEase",https://www.assembleatease.com/fitness-equipment-assembly-bee-cave-tx,scripts/generate-location-pages.js|scripts/refresh-seo-and-promo-pages.mjs,true,1,0,0,0,0,10,1,2,true,true,BreadcrumbList|FAQPage|Question|Service
fitness-equipment-assembly-brownsville-tx.html,city_service,public_marketing,PASS,"Fitness Equipment Assembly in Brownsville, TX — From $119 | AssembleAtEase",https://www.assembleatease.com/fitness-equipment-assembly-brownsville-tx,scripts/generate-location-pages.js|scripts/refresh-seo-and-promo-pages.mjs,true,1,0,0,0,0,10,1,2,true,true,BreadcrumbList|FAQPage|Question|Service
fitness-equipment-assembly-bryan-tx.html,city_service,public_marketing,PASS,"Fitness Equipment Assembly in Bryan, TX — From $119 | AssembleAtEase",https://www.assembleatease.com/fitness-equipment-assembly-bryan-tx,scripts/generate-location-pages.js|scripts/refresh-seo-and-promo-pages.mjs,true,1,0,0,0,0,10,1,2,true,true,BreadcrumbList|FAQPage|Question|Service
fitness-equipment-assembly-buda-tx.html,city_service,public_marketing,PASS,"Fitness Equipment Assembly in Buda, TX — From $119 | AssembleAtEase",https://www.assembleatease.com/fitness-equipment-assembly-buda-tx,scripts/generate-location-pages.js|scripts/refresh-seo-and-promo-pages.mjs,true,1,0,0,0,0,10,1,2,true,true,BreadcrumbList|FAQPage|Question|Service
fitness-equipment-assembly-cedar-park-tx.html,city_service,public_marketing,PASS,"Fitness Equipment Assembly in Cedar Park, TX — From $119 | AssembleAtEase",https://www.assembleatease.com/fitness-equipment-assembly-cedar-park-tx,scripts/generate-location-pages.js|scripts/refresh-seo-and-promo-pages.mjs,true,1,0,0,0,0,10,1,2,true,true,BreadcrumbList|FAQPage|Question|Service
fitness-equipment-assembly-college-station-tx.html,city_service,public_marketing,PASS,"Fitness Equipment Assembly in College Station, TX — From $119 | AssembleAtEase",https://www.assembleatease.com/fitness-equipment-assembly-college-station-tx,scripts/generate-location-pages.js|scripts/refresh-seo-and-promo-pages.mjs,true,1,0,0,0,0,10,1,2,true,true,BreadcrumbList|FAQPage|Question|Service
fitness-equipment-assembly-conroe-tx.html,city_service,public_marketing,PASS,"Fitness Equipment Assembly in Conroe, TX — From $119 | AssembleAtEase",https://www.assembleatease.com/fitness-equipment-assembly-conroe-tx,scripts/generate-location-pages.js|scripts/refresh-seo-and-promo-pages.mjs,true,1,0,0,0,0,10,1,2,true,true,BreadcrumbList|FAQPage|Question|Service
fitness-equipment-assembly-corpus-christi-tx.html,city_service,public_marketing,PASS,"Fitness Equipment Assembly in Corpus Christi, TX — From $119 | AssembleAtEase",https://www.assembleatease.com/fitness-equipment-assembly-corpus-christi-tx,scripts/generate-location-pages.js|scripts/refresh-seo-and-promo-pages.mjs,true,1,0,0,0,0,10,1,2,true,true,BreadcrumbList|FAQPage|Question|Service
fitness-equipment-assembly-dallas-tx.html,city_service,public_marketing,PASS,"Fitness Equipment Assembly in Dallas, TX — From $119 | AssembleAtEase",https://www.assembleatease.com/fitness-equipment-assembly-dallas-tx,scripts/generate-location-pages.js|scripts/refresh-seo-and-promo-pages.mjs,true,1,0,0,0,0,10,1,2,true,true,BreadcrumbList|FAQPage|Question|Service
fitness-equipment-assembly-denton-tx.html,city_service,public_marketing,PASS,"Fitness Equipment Assembly in Denton, TX — From $119 | AssembleAtEase",https://www.assembleatease.com/fitness-equipment-assembly-denton-tx,scripts/generate-location-pages.js|scripts/refresh-seo-and-promo-pages.mjs,true,1,0,0,0,0,10,1,2,true,true,BreadcrumbList|FAQPage|Question|Service
fitness-equipment-assembly-edinburg-tx.html,city_service,public_marketing,PASS,"Fitness Equipment Assembly in Edinburg, TX — From $119 | AssembleAtEase",https://www.assembleatease.com/fitness-equipment-assembly-edinburg-tx,scripts/generate-location-pages.js|scripts/refresh-seo-and-promo-pages.mjs,true,1,0,0,0,0,10,1,2,true,true,BreadcrumbList|FAQPage|Question|Service
fitness-equipment-assembly-el-paso-tx.html,city_service,public_marketing,PASS,"Fitness Equipment Assembly in El Paso, TX — From $119 | AssembleAtEase",https://www.assembleatease.com/fitness-equipment-assembly-el-paso-tx,scripts/generate-location-pages.js|scripts/refresh-seo-and-promo-pages.mjs,true,1,0,0,0,0,10,1,2,true,true,BreadcrumbList|FAQPage|Question|Service
fitness-equipment-assembly-fort-worth-tx.html,city_service,public_marketing,PASS,"Fitness Equipment Assembly in Fort Worth, TX — From $119 | AssembleAtEase",https://www.assembleatease.com/fitness-equipment-assembly-fort-worth-tx,scripts/generate-location-pages.js|scripts/refresh-seo-and-promo-pages.mjs,true,1,0,0,0,0,10,1,2,true,true,BreadcrumbList|FAQPage|Question|Service
fitness-equipment-assembly-frisco-tx.html,city_service,public_marketing,PASS,"Fitness Equipment Assembly in Frisco, TX — From $119 | AssembleAtEase",https://www.assembleatease.com/fitness-equipment-assembly-frisco-tx,scripts/generate-location-pages.js|scripts/refresh-seo-and-promo-pages.mjs,true,1,0,0,0,0,10,1,2,true,true,BreadcrumbList|FAQPage|Question|Service
fitness-equipment-assembly-garland-tx.html,city_service,public_marketing,PASS,"Fitness Equipment Assembly in Garland, TX — From $119 | AssembleAtEase",https://www.assembleatease.com/fitness-equipment-assembly-garland-tx,scripts/generate-location-pages.js|scripts/refresh-seo-and-promo-pages.mjs,true,1,0,0,0,0,10,1,2,true,true,BreadcrumbList|FAQPage|Question|Service
fitness-equipment-assembly-georgetown-tx.html,city_service,public_marketing,PASS,"Fitness Equipment Assembly in Georgetown, TX — From $119 | AssembleAtEase",https://www.assembleatease.com/fitness-equipment-assembly-georgetown-tx,scripts/generate-location-pages.js|scripts/refresh-seo-and-promo-pages.mjs,true,1,0,0,0,0,10,1,2,true,true,BreadcrumbList|FAQPage|Question|Service
fitness-equipment-assembly-grand-prairie-tx.html,city_service,public_marketing,PASS,"Fitness Equipment Assembly in Grand Prairie, TX — From $119 | AssembleAtEase",https://www.assembleatease.com/fitness-equipment-assembly-grand-prairie-tx,scripts/generate-location-pages.js|scripts/refresh-seo-and-promo-pages.mjs,true,1,0,0,0,0,10,1,2,true,true,BreadcrumbList|FAQPage|Question|Service
fitness-equipment-assembly-houston-tx.html,city_service,public_marketing,PASS,"Fitness Equipment Assembly in Houston, TX — From $119 | AssembleAtEase",https://www.assembleatease.com/fitness-equipment-assembly-houston-tx,scripts/generate-location-pages.js|scripts/refresh-seo-and-promo-pages.mjs,true,1,0,0,0,0,10,1,2,true,true,BreadcrumbList|FAQPage|Question|Service
fitness-equipment-assembly-hutto-tx.html,city_service,public_marketing,PASS,"Fitness Equipment Assembly in Hutto, TX — From $119 | AssembleAtEase",https://www.assembleatease.com/fitness-equipment-assembly-hutto-tx,scripts/generate-location-pages.js|scripts/refresh-seo-and-promo-pages.mjs,true,1,0,0,0,0,10,1,2,true,true,BreadcrumbList|FAQPage|Question|Service
fitness-equipment-assembly-irving-tx.html,city_service,public_marketing,PASS,"Fitness Equipment Assembly in Irving, TX — From $119 | AssembleAtEase",https://www.assembleatease.com/fitness-equipment-assembly-irving-tx,scripts/generate-location-pages.js|scripts/refresh-seo-and-promo-pages.mjs,true,1,0,0,0,0,10,1,2,true,true,BreadcrumbList|FAQPage|Question|Service
fitness-equipment-assembly-killeen-tx.html,city_service,public_marketing,PASS,"Fitness Equipment Assembly in Killeen, TX — From $119 | AssembleAtEase",https://www.assembleatease.com/fitness-equipment-assembly-killeen-tx,scripts/generate-location-pages.js|scripts/refresh-seo-and-promo-pages.mjs,true,1,0,0,0,0,10,1,2,true,true,BreadcrumbList|FAQPage|Question|Service
fitness-equipment-assembly-kyle-tx.html,city_service,public_marketing,PASS,"Fitness Equipment Assembly in Kyle, TX — From $119 | AssembleAtEase",https://www.assembleatease.com/fitness-equipment-assembly-kyle-tx,scripts/generate-location-pages.js|scripts/refresh-seo-and-promo-pages.mjs,true,1,0,0,0,0,10,1,2,true,true,BreadcrumbList|FAQPage|Question|Service
fitness-equipment-assembly-lakeway-tx.html,city_service,public_marketing,PASS,"Fitness Equipment Assembly in Lakeway, TX — From $119 | AssembleAtEase",https://www.assembleatease.com/fitness-equipment-assembly-lakeway-tx,scripts/generate-location-pages.js|scripts/refresh-seo-and-promo-pages.mjs,true,1,0,0,0,0,10,1,2,true,true,BreadcrumbList|FAQPage|Question|Service
fitness-equipment-assembly-laredo-tx.html,city_service,public_marketing,PASS,"Fitness Equipment Assembly in Laredo, TX — From $119 | AssembleAtEase",https://www.assembleatease.com/fitness-equipment-assembly-laredo-tx,scripts/generate-location-pages.js|scripts/refresh-seo-and-promo-pages.mjs,true,1,0,0,0,0,10,1,2,true,true,BreadcrumbList|FAQPage|Question|Service
fitness-equipment-assembly-league-city-tx.html,city_service,public_marketing,PASS,"Fitness Equipment Assembly in League City, TX — From $119 | AssembleAtEase",https://www.assembleatease.com/fitness-equipment-assembly-league-city-tx,scripts/generate-location-pages.js|scripts/refresh-seo-and-promo-pages.mjs,true,1,0,0,0,0,10,1,2,true,true,BreadcrumbList|FAQPage|Question|Service
fitness-equipment-assembly-leander-tx.html,city_service,public_marketing,PASS,"Fitness Equipment Assembly in Leander, TX — From $119 | AssembleAtEase",https://www.assembleatease.com/fitness-equipment-assembly-leander-tx,scripts/generate-location-pages.js|scripts/refresh-seo-and-promo-pages.mjs,true,1,0,0,0,0,10,1,2,true,true,BreadcrumbList|FAQPage|Question|Service
fitness-equipment-assembly-lubbock-tx.html,city_service,public_marketing,PASS,"Fitness Equipment Assembly in Lubbock, TX — From $119 | AssembleAtEase",https://www.assembleatease.com/fitness-equipment-assembly-lubbock-tx,scripts/generate-location-pages.js|scripts/refresh-seo-and-promo-pages.mjs,true,1,0,0,0,0,10,1,2,true,true,BreadcrumbList|FAQPage|Question|Service
fitness-equipment-assembly-manor-tx.html,city_service,public_marketing,PASS,"Fitness Equipment Assembly in Manor, TX — From $119 | AssembleAtEase",https://www.assembleatease.com/fitness-equipment-assembly-manor-tx,scripts/generate-location-pages.js|scripts/refresh-seo-and-promo-pages.mjs,true,1,0,0,0,0,10,1,2,true,true,BreadcrumbList|FAQPage|Question|Service
fitness-equipment-assembly-mcallen-tx.html,city_service,public_marketing,PASS,"Fitness Equipment Assembly in McAllen, TX — From $119 | AssembleAtEase",https://www.assembleatease.com/fitness-equipment-assembly-mcallen-tx,scripts/generate-location-pages.js|scripts/refresh-seo-and-promo-pages.mjs,true,1,0,0,0,0,10,1,2,true,true,BreadcrumbList|FAQPage|Question|Service
fitness-equipment-assembly-mckinney-tx.html,city_service,public_marketing,PASS,"Fitness Equipment Assembly in McKinney, TX — From $119 | AssembleAtEase",https://www.assembleatease.com/fitness-equipment-assembly-mckinney-tx,scripts/generate-location-pages.js|scripts/refresh-seo-and-promo-pages.mjs,true,1,0,0,0,0,10,1,2,true,true,BreadcrumbList|FAQPage|Question|Service
fitness-equipment-assembly-mesquite-tx.html,city_service,public_marketing,PASS,"Fitness Equipment Assembly in Mesquite, TX — From $119 | AssembleAtEase",https://www.assembleatease.com/fitness-equipment-assembly-mesquite-tx,scripts/generate-location-pages.js|scripts/refresh-seo-and-promo-pages.mjs,true,1,0,0,0,0,10,1,2,true,true,BreadcrumbList|FAQPage|Question|Service
fitness-equipment-assembly-midland-tx.html,city_service,public_marketing,PASS,"Fitness Equipment Assembly in Midland, TX — From $119 | AssembleAtEase",https://www.assembleatease.com/fitness-equipment-assembly-midland-tx,scripts/generate-location-pages.js|scripts/refresh-seo-and-promo-pages.mjs,true,1,0,0,0,0,10,1,2,true,true,BreadcrumbList|FAQPage|Question|Service
fitness-equipment-assembly-new-braunfels-tx.html,city_service,public_marketing,PASS,"Fitness Equipment Assembly in New Braunfels, TX — From $119 | AssembleAtEase",https://www.assembleatease.com/fitness-equipment-assembly-new-braunfels-tx,scripts/generate-location-pages.js|scripts/refresh-seo-and-promo-pages.mjs,true,1,0,0,0,0,10,1,2,true,true,BreadcrumbList|FAQPage|Question|Service
fitness-equipment-assembly-odessa-tx.html,city_service,public_marketing,PASS,"Fitness Equipment Assembly in Odessa, TX — From $119 | AssembleAtEase",https://www.assembleatease.com/fitness-equipment-assembly-odessa-tx,scripts/generate-location-pages.js|scripts/refresh-seo-and-promo-pages.mjs,true,1,0,0,0,0,10,1,2,true,true,BreadcrumbList|FAQPage|Question|Service
fitness-equipment-assembly-pasadena-tx.html,city_service,public_marketing,PASS,"Fitness Equipment Assembly in Pasadena, TX — From $119 | AssembleAtEase",https://www.assembleatease.com/fitness-equipment-assembly-pasadena-tx,scripts/generate-location-pages.js|scripts/refresh-seo-and-promo-pages.mjs,true,1,0,0,0,0,10,1,2,true,true,BreadcrumbList|FAQPage|Question|Service
fitness-equipment-assembly-pearland-tx.html,city_service,public_marketing,PASS,"Fitness Equipment Assembly in Pearland, TX — From $119 | AssembleAtEase",https://www.assembleatease.com/fitness-equipment-assembly-pearland-tx,scripts/generate-location-pages.js|scripts/refresh-seo-and-promo-pages.mjs,true,1,0,0,0,0,10,1,2,true,true,BreadcrumbList|FAQPage|Question|Service
fitness-equipment-assembly-pflugerville-tx.html,city_service,public_marketing,PASS,"Fitness Equipment Assembly in Pflugerville, TX — From $119 | AssembleAtEase",https://www.assembleatease.com/fitness-equipment-assembly-pflugerville-tx,scripts/generate-location-pages.js|scripts/refresh-seo-and-promo-pages.mjs,true,1,0,0,0,0,10,1,2,true,true,BreadcrumbList|FAQPage|Question|Service
fitness-equipment-assembly-plano-tx.html,city_service,public_marketing,PASS,"Fitness Equipment Assembly in Plano, TX — From $119 | AssembleAtEase",https://www.assembleatease.com/fitness-equipment-assembly-plano-tx,scripts/generate-location-pages.js|scripts/refresh-seo-and-promo-pages.mjs,true,1,0,0,0,0,10,1,2,true,true,BreadcrumbList|FAQPage|Question|Service
fitness-equipment-assembly-richardson-tx.html,city_service,public_marketing,PASS,"Fitness Equipment Assembly in Richardson, TX — From $119 | AssembleAtEase",https://www.assembleatease.com/fitness-equipment-assembly-richardson-tx,scripts/generate-location-pages.js|scripts/refresh-seo-and-promo-pages.mjs,true,1,0,0,0,0,10,1,2,true,true,BreadcrumbList|FAQPage|Question|Service
fitness-equipment-assembly-round-rock-tx.html,city_service,public_marketing,PASS,"Fitness Equipment Assembly in Round Rock, TX — From $119 | AssembleAtEase",https://www.assembleatease.com/fitness-equipment-assembly-round-rock-tx,scripts/generate-location-pages.js|scripts/refresh-seo-and-promo-pages.mjs,true,1,0,0,0,0,10,1,2,true,true,BreadcrumbList|FAQPage|Question|Service
fitness-equipment-assembly-san-angelo-tx.html,city_service,public_marketing,PASS,"Fitness Equipment Assembly in San Angelo, TX — From $119 | AssembleAtEase",https://www.assembleatease.com/fitness-equipment-assembly-san-angelo-tx,scripts/generate-location-pages.js|scripts/refresh-seo-and-promo-pages.mjs,true,1,0,0,0,0,10,1,2,true,true,BreadcrumbList|FAQPage|Question|Service
fitness-equipment-assembly-san-antonio-tx.html,city_service,public_marketing,PASS,"Fitness Equipment Assembly in San Antonio, TX — From $119 | AssembleAtEase",https://www.assembleatease.com/fitness-equipment-assembly-san-antonio-tx,scripts/generate-location-pages.js|scripts/refresh-seo-and-promo-pages.mjs,true,1,0,0,0,0,10,1,2,true,true,BreadcrumbList|FAQPage|Question|Service
fitness-equipment-assembly-sugar-land-tx.html,city_service,public_marketing,PASS,"Fitness Equipment Assembly in Sugar Land, TX — From $119 | AssembleAtEase",https://www.assembleatease.com/fitness-equipment-assembly-sugar-land-tx,scripts/generate-location-pages.js|scripts/refresh-seo-and-promo-pages.mjs,true,1,0,0,0,0,10,1,2,true,true,BreadcrumbList|FAQPage|Question|Service
fitness-equipment-assembly-temple-tx.html,city_service,public_marketing,PASS,"Fitness Equipment Assembly in Temple, TX — From $119 | AssembleAtEase",https://www.assembleatease.com/fitness-equipment-assembly-temple-tx,scripts/generate-location-pages.js|scripts/refresh-seo-and-promo-pages.mjs,true,1,0,0,0,0,10,1,2,true,true,BreadcrumbList|FAQPage|Question|Service
fitness-equipment-assembly-the-woodlands-tx.html,city_service,public_marketing,PASS,"Fitness Equipment Assembly in The Woodlands, TX — From $119 | AssembleAtEase",https://www.assembleatease.com/fitness-equipment-assembly-the-woodlands-tx,scripts/generate-location-pages.js|scripts/refresh-seo-and-promo-pages.mjs,true,1,0,0,0,0,10,1,2,true,true,BreadcrumbList|FAQPage|Question|Service
fitness-equipment-assembly-tyler-tx.html,city_service,public_marketing,PASS,"Fitness Equipment Assembly in Tyler, TX — From $119 | AssembleAtEase",https://www.assembleatease.com/fitness-equipment-assembly-tyler-tx,scripts/generate-location-pages.js|scripts/refresh-seo-and-promo-pages.mjs,true,1,0,0,0,0,10,1,2,true,true,BreadcrumbList|FAQPage|Question|Service
fitness-equipment-assembly-waco-tx.html,city_service,public_marketing,PASS,"Fitness Equipment Assembly in Waco, TX — From $119 | AssembleAtEase",https://www.assembleatease.com/fitness-equipment-assembly-waco-tx,scripts/generate-location-pages.js|scripts/refresh-seo-and-promo-pages.mjs,true,1,0,0,0,0,10,1,2,true,true,BreadcrumbList|FAQPage|Question|Service
furniture-assembly-abilene-tx.html,city_service,public_marketing,PASS,"Furniture Assembly in Abilene, TX — From $69 | AssembleAtEase",https://www.assembleatease.com/furniture-assembly-abilene-tx,scripts/generate-location-pages.js|scripts/refresh-seo-and-promo-pages.mjs,true,1,0,0,0,0,10,1,2,true,true,BreadcrumbList|FAQPage|Question|Service
furniture-assembly-allen-tx.html,city_service,public_marketing,PASS,"Furniture Assembly in Allen, TX — From $69 | AssembleAtEase",https://www.assembleatease.com/furniture-assembly-allen-tx,scripts/generate-location-pages.js|scripts/refresh-seo-and-promo-pages.mjs,true,1,0,0,0,0,10,1,2,true,true,BreadcrumbList|FAQPage|Question|Service
furniture-assembly-amarillo-tx.html,city_service,public_marketing,PASS,"Furniture Assembly in Amarillo, TX — From $69 | AssembleAtEase",https://www.assembleatease.com/furniture-assembly-amarillo-tx,scripts/generate-location-pages.js|scripts/refresh-seo-and-promo-pages.mjs,true,1,0,0,0,0,10,1,2,true,true,BreadcrumbList|FAQPage|Question|Service
furniture-assembly-arlington-tx.html,city_service,public_marketing,PASS,"Furniture Assembly in Arlington, TX — From $69 | AssembleAtEase",https://www.assembleatease.com/furniture-assembly-arlington-tx,scripts/generate-location-pages.js|scripts/refresh-seo-and-promo-pages.mjs,true,1,0,0,0,0,10,1,2,true,true,BreadcrumbList|FAQPage|Question|Service
furniture-assembly-austin-tx.html,flagship_service,public_marketing,PASS,"Furniture Assembly in Austin, TX — From $69 | AssembleAtEase",https://www.assembleatease.com/furniture-assembly-austin-tx,scripts/build-flagship-service-pages.mjs,true,1,0,0,0,0,10,1,2,true,true,BreadcrumbList|FAQPage|Question|Service
furniture-assembly-baytown-tx.html,city_service,public_marketing,PASS,"Furniture Assembly in Baytown, TX — From $69 | AssembleAtEase",https://www.assembleatease.com/furniture-assembly-baytown-tx,scripts/generate-location-pages.js|scripts/refresh-seo-and-promo-pages.mjs,true,1,0,0,0,0,10,1,2,true,true,BreadcrumbList|FAQPage|Question|Service
furniture-assembly-beaumont-tx.html,city_service,public_marketing,PASS,"Furniture Assembly in Beaumont, TX — From $69 | AssembleAtEase",https://www.assembleatease.com/furniture-assembly-beaumont-tx,scripts/generate-location-pages.js|scripts/refresh-seo-and-promo-pages.mjs,true,1,0,0,0,0,10,1,2,true,true,BreadcrumbList|FAQPage|Question|Service
furniture-assembly-bee-cave-tx.html,city_service,public_marketing,PASS,"Furniture Assembly in Bee Cave, TX — From $69 | AssembleAtEase",https://www.assembleatease.com/furniture-assembly-bee-cave-tx,scripts/generate-location-pages.js|scripts/refresh-seo-and-promo-pages.mjs,true,1,0,0,0,0,10,1,2,true,true,BreadcrumbList|FAQPage|Question|Service
furniture-assembly-brownsville-tx.html,city_service,public_marketing,PASS,"Furniture Assembly in Brownsville, TX — From $69 | AssembleAtEase",https://www.assembleatease.com/furniture-assembly-brownsville-tx,scripts/generate-location-pages.js|scripts/refresh-seo-and-promo-pages.mjs,true,1,0,0,0,0,10,1,2,true,true,BreadcrumbList|FAQPage|Question|Service
furniture-assembly-bryan-tx.html,city_service,public_marketing,PASS,"Furniture Assembly in Bryan, TX — From $69 | AssembleAtEase",https://www.assembleatease.com/furniture-assembly-bryan-tx,scripts/generate-location-pages.js|scripts/refresh-seo-and-promo-pages.mjs,true,1,0,0,0,0,10,1,2,true,true,BreadcrumbList|FAQPage|Question|Service
furniture-assembly-buda-tx.html,city_service,public_marketing,PASS,"Furniture Assembly in Buda, TX — From $69 | AssembleAtEase",https://www.assembleatease.com/furniture-assembly-buda-tx,scripts/generate-location-pages.js|scripts/refresh-seo-and-promo-pages.mjs,true,1,0,0,0,0,10,1,2,true,true,BreadcrumbList|FAQPage|Question|Service
furniture-assembly-cedar-park-tx.html,city_service,public_marketing,PASS,"Furniture Assembly in Cedar Park, TX — From $69 | AssembleAtEase",https://www.assembleatease.com/furniture-assembly-cedar-park-tx,scripts/generate-location-pages.js|scripts/refresh-seo-and-promo-pages.mjs,true,1,0,0,0,0,10,1,2,true,true,BreadcrumbList|FAQPage|Question|Service
furniture-assembly-college-station-tx.html,city_service,public_marketing,PASS,"Furniture Assembly in College Station, TX — From $69 | AssembleAtEase",https://www.assembleatease.com/furniture-assembly-college-station-tx,scripts/generate-location-pages.js|scripts/refresh-seo-and-promo-pages.mjs,true,1,0,0,0,0,10,1,2,true,true,BreadcrumbList|FAQPage|Question|Service
furniture-assembly-conroe-tx.html,city_service,public_marketing,PASS,"Furniture Assembly in Conroe, TX — From $69 | AssembleAtEase",https://www.assembleatease.com/furniture-assembly-conroe-tx,scripts/generate-location-pages.js|scripts/refresh-seo-and-promo-pages.mjs,true,1,0,0,0,0,10,1,2,true,true,BreadcrumbList|FAQPage|Question|Service
furniture-assembly-corpus-christi-tx.html,city_service,public_marketing,PASS,"Furniture Assembly in Corpus Christi, TX — From $69 | AssembleAtEase",https://www.assembleatease.com/furniture-assembly-corpus-christi-tx,scripts/generate-location-pages.js|scripts/refresh-seo-and-promo-pages.mjs,true,1,0,0,0,0,10,1,2,true,true,BreadcrumbList|FAQPage|Question|Service
furniture-assembly-dallas-tx.html,city_service,public_marketing,PASS,"Furniture Assembly in Dallas, TX — From $69 | AssembleAtEase",https://www.assembleatease.com/furniture-assembly-dallas-tx,scripts/generate-location-pages.js|scripts/refresh-seo-and-promo-pages.mjs,true,1,0,0,0,0,10,1,2,true,true,BreadcrumbList|FAQPage|Question|Service
furniture-assembly-denton-tx.html,city_service,public_marketing,PASS,"Furniture Assembly in Denton, TX — From $69 | AssembleAtEase",https://www.assembleatease.com/furniture-assembly-denton-tx,scripts/generate-location-pages.js|scripts/refresh-seo-and-promo-pages.mjs,true,1,0,0,0,0,10,1,2,true,true,BreadcrumbList|FAQPage|Question|Service
furniture-assembly-edinburg-tx.html,city_service,public_marketing,PASS,"Furniture Assembly in Edinburg, TX — From $69 | AssembleAtEase",https://www.assembleatease.com/furniture-assembly-edinburg-tx,scripts/generate-location-pages.js|scripts/refresh-seo-and-promo-pages.mjs,true,1,0,0,0,0,10,1,2,true,true,BreadcrumbList|FAQPage|Question|Service
furniture-assembly-el-paso-tx.html,city_service,public_marketing,PASS,"Furniture Assembly in El Paso, TX — From $69 | AssembleAtEase",https://www.assembleatease.com/furniture-assembly-el-paso-tx,scripts/generate-location-pages.js|scripts/refresh-seo-and-promo-pages.mjs,true,1,0,0,0,0,10,1,2,true,true,BreadcrumbList|FAQPage|Question|Service
furniture-assembly-fort-worth-tx.html,city_service,public_marketing,PASS,"Furniture Assembly in Fort Worth, TX — From $69 | AssembleAtEase",https://www.assembleatease.com/furniture-assembly-fort-worth-tx,scripts/generate-location-pages.js|scripts/refresh-seo-and-promo-pages.mjs,true,1,0,0,0,0,10,1,2,true,true,BreadcrumbList|FAQPage|Question|Service
furniture-assembly-frisco-tx.html,city_service,public_marketing,PASS,"Furniture Assembly in Frisco, TX — From $69 | AssembleAtEase",https://www.assembleatease.com/furniture-assembly-frisco-tx,scripts/generate-location-pages.js|scripts/refresh-seo-and-promo-pages.mjs,true,1,0,0,0,0,10,1,2,true,true,BreadcrumbList|FAQPage|Question|Service
furniture-assembly-garland-tx.html,city_service,public_marketing,PASS,"Furniture Assembly in Garland, TX — From $69 | AssembleAtEase",https://www.assembleatease.com/furniture-assembly-garland-tx,scripts/generate-location-pages.js|scripts/refresh-seo-and-promo-pages.mjs,true,1,0,0,0,0,10,1,2,true,true,BreadcrumbList|FAQPage|Question|Service
furniture-assembly-georgetown-tx.html,city_service,public_marketing,PASS,"Furniture Assembly in Georgetown, TX — From $69 | AssembleAtEase",https://www.assembleatease.com/furniture-assembly-georgetown-tx,scripts/generate-location-pages.js|scripts/refresh-seo-and-promo-pages.mjs,true,1,0,0,0,0,10,1,2,true,true,BreadcrumbList|FAQPage|Question|Service
furniture-assembly-grand-prairie-tx.html,city_service,public_marketing,PASS,"Furniture Assembly in Grand Prairie, TX — From $69 | AssembleAtEase",https://www.assembleatease.com/furniture-assembly-grand-prairie-tx,scripts/generate-location-pages.js|scripts/refresh-seo-and-promo-pages.mjs,true,1,0,0,0,0,10,1,2,true,true,BreadcrumbList|FAQPage|Question|Service
furniture-assembly-houston-tx.html,city_service,public_marketing,PASS,"Furniture Assembly in Houston, TX — From $69 | AssembleAtEase",https://www.assembleatease.com/furniture-assembly-houston-tx,scripts/generate-location-pages.js|scripts/refresh-seo-and-promo-pages.mjs,true,1,0,0,0,0,10,1,2,true,true,BreadcrumbList|FAQPage|Question|Service
furniture-assembly-hutto-tx.html,city_service,public_marketing,PASS,"Furniture Assembly in Hutto, TX — From $69 | AssembleAtEase",https://www.assembleatease.com/furniture-assembly-hutto-tx,scripts/generate-location-pages.js|scripts/refresh-seo-and-promo-pages.mjs,true,1,0,0,0,0,10,1,2,true,true,BreadcrumbList|FAQPage|Question|Service
furniture-assembly-irving-tx.html,city_service,public_marketing,PASS,"Furniture Assembly in Irving, TX — From $69 | AssembleAtEase",https://www.assembleatease.com/furniture-assembly-irving-tx,scripts/generate-location-pages.js|scripts/refresh-seo-and-promo-pages.mjs,true,1,0,0,0,0,10,1,2,true,true,BreadcrumbList|FAQPage|Question|Service
furniture-assembly-killeen-tx.html,city_service,public_marketing,PASS,"Furniture Assembly in Killeen, TX — From $69 | AssembleAtEase",https://www.assembleatease.com/furniture-assembly-killeen-tx,scripts/generate-location-pages.js|scripts/refresh-seo-and-promo-pages.mjs,true,1,0,0,0,0,10,1,2,true,true,BreadcrumbList|FAQPage|Question|Service
furniture-assembly-kyle-tx.html,city_service,public_marketing,PASS,"Furniture Assembly in Kyle, TX — From $69 | AssembleAtEase",https://www.assembleatease.com/furniture-assembly-kyle-tx,scripts/generate-location-pages.js|scripts/refresh-seo-and-promo-pages.mjs,true,1,0,0,0,0,10,1,2,true,true,BreadcrumbList|FAQPage|Question|Service
furniture-assembly-lakeway-tx.html,city_service,public_marketing,PASS,"Furniture Assembly in Lakeway, TX — From $69 | AssembleAtEase",https://www.assembleatease.com/furniture-assembly-lakeway-tx,scripts/generate-location-pages.js|scripts/refresh-seo-and-promo-pages.mjs,true,1,0,0,0,0,10,1,2,true,true,BreadcrumbList|FAQPage|Question|Service
furniture-assembly-laredo-tx.html,city_service,public_marketing,PASS,"Furniture Assembly in Laredo, TX — From $69 | AssembleAtEase",https://www.assembleatease.com/furniture-assembly-laredo-tx,scripts/generate-location-pages.js|scripts/refresh-seo-and-promo-pages.mjs,true,1,0,0,0,0,10,1,2,true,true,BreadcrumbList|FAQPage|Question|Service
furniture-assembly-league-city-tx.html,city_service,public_marketing,PASS,"Furniture Assembly in League City, TX — From $69 | AssembleAtEase",https://www.assembleatease.com/furniture-assembly-league-city-tx,scripts/generate-location-pages.js|scripts/refresh-seo-and-promo-pages.mjs,true,1,0,0,0,0,10,1,2,true,true,BreadcrumbList|FAQPage|Question|Service
furniture-assembly-leander-tx.html,city_service,public_marketing,PASS,"Furniture Assembly in Leander, TX — From $69 | AssembleAtEase",https://www.assembleatease.com/furniture-assembly-leander-tx,scripts/generate-location-pages.js|scripts/refresh-seo-and-promo-pages.mjs,true,1,0,0,0,0,10,1,2,true,true,BreadcrumbList|FAQPage|Question|Service
furniture-assembly-lubbock-tx.html,city_service,public_marketing,PASS,"Furniture Assembly in Lubbock, TX — From $69 | AssembleAtEase",https://www.assembleatease.com/furniture-assembly-lubbock-tx,scripts/generate-location-pages.js|scripts/refresh-seo-and-promo-pages.mjs,true,1,0,0,0,0,10,1,2,true,true,BreadcrumbList|FAQPage|Question|Service
furniture-assembly-manor-tx.html,city_service,public_marketing,PASS,"Furniture Assembly in Manor, TX — From $69 | AssembleAtEase",https://www.assembleatease.com/furniture-assembly-manor-tx,scripts/generate-location-pages.js|scripts/refresh-seo-and-promo-pages.mjs,true,1,0,0,0,0,10,1,2,true,true,BreadcrumbList|FAQPage|Question|Service
furniture-assembly-mcallen-tx.html,city_service,public_marketing,PASS,"Furniture Assembly in McAllen, TX — From $69 | AssembleAtEase",https://www.assembleatease.com/furniture-assembly-mcallen-tx,scripts/generate-location-pages.js|scripts/refresh-seo-and-promo-pages.mjs,true,1,0,0,0,0,10,1,2,true,true,BreadcrumbList|FAQPage|Question|Service
furniture-assembly-mckinney-tx.html,city_service,public_marketing,PASS,"Furniture Assembly in McKinney, TX — From $69 | AssembleAtEase",https://www.assembleatease.com/furniture-assembly-mckinney-tx,scripts/generate-location-pages.js|scripts/refresh-seo-and-promo-pages.mjs,true,1,0,0,0,0,10,1,2,true,true,BreadcrumbList|FAQPage|Question|Service
furniture-assembly-mesquite-tx.html,city_service,public_marketing,PASS,"Furniture Assembly in Mesquite, TX — From $69 | AssembleAtEase",https://www.assembleatease.com/furniture-assembly-mesquite-tx,scripts/generate-location-pages.js|scripts/refresh-seo-and-promo-pages.mjs,true,1,0,0,0,0,10,1,2,true,true,BreadcrumbList|FAQPage|Question|Service
furniture-assembly-midland-tx.html,city_service,public_marketing,PASS,"Furniture Assembly in Midland, TX — From $69 | AssembleAtEase",https://www.assembleatease.com/furniture-assembly-midland-tx,scripts/generate-location-pages.js|scripts/refresh-seo-and-promo-pages.mjs,true,1,0,0,0,0,10,1,2,true,true,BreadcrumbList|FAQPage|Question|Service
furniture-assembly-new-braunfels-tx.html,city_service,public_marketing,PASS,"Furniture Assembly in New Braunfels, TX — From $69 | AssembleAtEase",https://www.assembleatease.com/furniture-assembly-new-braunfels-tx,scripts/generate-location-pages.js|scripts/refresh-seo-and-promo-pages.mjs,true,1,0,0,0,0,10,1,2,true,true,BreadcrumbList|FAQPage|Question|Service
furniture-assembly-odessa-tx.html,city_service,public_marketing,PASS,"Furniture Assembly in Odessa, TX — From $69 | AssembleAtEase",https://www.assembleatease.com/furniture-assembly-odessa-tx,scripts/generate-location-pages.js|scripts/refresh-seo-and-promo-pages.mjs,true,1,0,0,0,0,10,1,2,true,true,BreadcrumbList|FAQPage|Question|Service
furniture-assembly-pasadena-tx.html,city_service,public_marketing,PASS,"Furniture Assembly in Pasadena, TX — From $69 | AssembleAtEase",https://www.assembleatease.com/furniture-assembly-pasadena-tx,scripts/generate-location-pages.js|scripts/refresh-seo-and-promo-pages.mjs,true,1,0,0,0,0,10,1,2,true,true,BreadcrumbList|FAQPage|Question|Service
furniture-assembly-pearland-tx.html,city_service,public_marketing,PASS,"Furniture Assembly in Pearland, TX — From $69 | AssembleAtEase",https://www.assembleatease.com/furniture-assembly-pearland-tx,scripts/generate-location-pages.js|scripts/refresh-seo-and-promo-pages.mjs,true,1,0,0,0,0,10,1,2,true,true,BreadcrumbList|FAQPage|Question|Service
furniture-assembly-pflugerville-tx.html,city_service,public_marketing,PASS,"Furniture Assembly in Pflugerville, TX — From $69 | AssembleAtEase",https://www.assembleatease.com/furniture-assembly-pflugerville-tx,scripts/generate-location-pages.js|scripts/refresh-seo-and-promo-pages.mjs,true,1,0,0,0,0,10,1,2,true,true,BreadcrumbList|FAQPage|Question|Service
furniture-assembly-plano-tx.html,city_service,public_marketing,PASS,"Furniture Assembly in Plano, TX — From $69 | AssembleAtEase",https://www.assembleatease.com/furniture-assembly-plano-tx,scripts/generate-location-pages.js|scripts/refresh-seo-and-promo-pages.mjs,true,1,0,0,0,0,10,1,2,true,true,BreadcrumbList|FAQPage|Question|Service
furniture-assembly-richardson-tx.html,city_service,public_marketing,PASS,"Furniture Assembly in Richardson, TX — From $69 | AssembleAtEase",https://www.assembleatease.com/furniture-assembly-richardson-tx,scripts/generate-location-pages.js|scripts/refresh-seo-and-promo-pages.mjs,true,1,0,0,0,0,10,1,2,true,true,BreadcrumbList|FAQPage|Question|Service
furniture-assembly-round-rock-tx.html,city_service,public_marketing,PASS,"Furniture Assembly in Round Rock, TX — From $69 | AssembleAtEase",https://www.assembleatease.com/furniture-assembly-round-rock-tx,scripts/generate-location-pages.js|scripts/refresh-seo-and-promo-pages.mjs,true,1,0,0,0,0,10,1,2,true,true,BreadcrumbList|FAQPage|Question|Service
furniture-assembly-san-angelo-tx.html,city_service,public_marketing,PASS,"Furniture Assembly in San Angelo, TX — From $69 | AssembleAtEase",https://www.assembleatease.com/furniture-assembly-san-angelo-tx,scripts/generate-location-pages.js|scripts/refresh-seo-and-promo-pages.mjs,true,1,0,0,0,0,10,1,2,true,true,BreadcrumbList|FAQPage|Question|Service
furniture-assembly-san-antonio-tx.html,city_service,public_marketing,PASS,"Furniture Assembly in San Antonio, TX — From $69 | AssembleAtEase",https://www.assembleatease.com/furniture-assembly-san-antonio-tx,scripts/generate-location-pages.js|scripts/refresh-seo-and-promo-pages.mjs,true,1,0,0,0,0,10,1,2,true,true,BreadcrumbList|FAQPage|Question|Service
furniture-assembly-sugar-land-tx.html,city_service,public_marketing,PASS,"Furniture Assembly in Sugar Land, TX — From $69 | AssembleAtEase",https://www.assembleatease.com/furniture-assembly-sugar-land-tx,scripts/generate-location-pages.js|scripts/refresh-seo-and-promo-pages.mjs,true,1,0,0,0,0,10,1,2,true,true,BreadcrumbList|FAQPage|Question|Service
furniture-assembly-temple-tx.html,city_service,public_marketing,PASS,"Furniture Assembly in Temple, TX — From $69 | AssembleAtEase",https://www.assembleatease.com/furniture-assembly-temple-tx,scripts/generate-location-pages.js|scripts/refresh-seo-and-promo-pages.mjs,true,1,0,0,0,0,10,1,2,true,true,BreadcrumbList|FAQPage|Question|Service
furniture-assembly-the-woodlands-tx.html,city_service,public_marketing,PASS,"Furniture Assembly in The Woodlands, TX — From $69 | AssembleAtEase",https://www.assembleatease.com/furniture-assembly-the-woodlands-tx,scripts/generate-location-pages.js|scripts/refresh-seo-and-promo-pages.mjs,true,1,0,0,0,0,10,1,2,true,true,BreadcrumbList|FAQPage|Question|Service
furniture-assembly-tyler-tx.html,city_service,public_marketing,PASS,"Furniture Assembly in Tyler, TX — From $69 | AssembleAtEase",https://www.assembleatease.com/furniture-assembly-tyler-tx,scripts/generate-location-pages.js|scripts/refresh-seo-and-promo-pages.mjs,true,1,0,0,0,0,10,1,2,true,true,BreadcrumbList|FAQPage|Question|Service
furniture-assembly-waco-tx.html,city_service,public_marketing,PASS,"Furniture Assembly in Waco, TX — From $69 | AssembleAtEase",https://www.assembleatease.com/furniture-assembly-waco-tx,scripts/generate-location-pages.js|scripts/refresh-seo-and-promo-pages.mjs,true,1,0,0,0,0,10,1,2,true,true,BreadcrumbList|FAQPage|Question|Service
index.html,home,public_marketing,PASS,"AssembleAtEase &mdash; Assembly, Mounting &amp; Setup Services",https://www.assembleatease.com/,manual core page,true,2,0,0,4,0,24,1,3,true,true,Organization|WebSite
locations.html,core_marketing,public_marketing,PASS,Texas Assembly Service Areas | AssembleAtEase,https://www.assembleatease.com/locations,manual marketing page,false,1,0,0,0,0,9,1,3,true,true,BreadcrumbList|CollectionPage
office-furniture-assembly-abilene-tx.html,city_service,public_marketing,PASS,"Office Furniture Assembly in Abilene, TX — From $89 | AssembleAtEase",https://www.assembleatease.com/office-furniture-assembly-abilene-tx,scripts/generate-location-pages.js|scripts/refresh-seo-and-promo-pages.mjs,true,1,0,0,0,0,10,1,2,true,true,BreadcrumbList|FAQPage|Question|Service
office-furniture-assembly-allen-tx.html,city_service,public_marketing,PASS,"Office Furniture Assembly in Allen, TX — From $89 | AssembleAtEase",https://www.assembleatease.com/office-furniture-assembly-allen-tx,scripts/generate-location-pages.js|scripts/refresh-seo-and-promo-pages.mjs,true,1,0,0,0,0,10,1,2,true,true,BreadcrumbList|FAQPage|Question|Service
office-furniture-assembly-amarillo-tx.html,city_service,public_marketing,PASS,"Office Furniture Assembly in Amarillo, TX — From $89 | AssembleAtEase",https://www.assembleatease.com/office-furniture-assembly-amarillo-tx,scripts/generate-location-pages.js|scripts/refresh-seo-and-promo-pages.mjs,true,1,0,0,0,0,10,1,2,true,true,BreadcrumbList|FAQPage|Question|Service
office-furniture-assembly-arlington-tx.html,city_service,public_marketing,PASS,"Office Furniture Assembly in Arlington, TX — From $89 | AssembleAtEase",https://www.assembleatease.com/office-furniture-assembly-arlington-tx,scripts/generate-location-pages.js|scripts/refresh-seo-and-promo-pages.mjs,true,1,0,0,0,0,10,1,2,true,true,BreadcrumbList|FAQPage|Question|Service
office-furniture-assembly-austin-tx.html,flagship_service,public_marketing,PASS,"Office Furniture Assembly in Austin, TX — From $89 | AssembleAtEase",https://www.assembleatease.com/office-furniture-assembly-austin-tx,scripts/build-flagship-service-pages.mjs,true,1,0,0,0,0,10,1,2,true,true,BreadcrumbList|FAQPage|Question|Service
office-furniture-assembly-baytown-tx.html,city_service,public_marketing,PASS,"Office Furniture Assembly in Baytown, TX — From $89 | AssembleAtEase",https://www.assembleatease.com/office-furniture-assembly-baytown-tx,scripts/generate-location-pages.js|scripts/refresh-seo-and-promo-pages.mjs,true,1,0,0,0,0,10,1,2,true,true,BreadcrumbList|FAQPage|Question|Service
office-furniture-assembly-beaumont-tx.html,city_service,public_marketing,PASS,"Office Furniture Assembly in Beaumont, TX — From $89 | AssembleAtEase",https://www.assembleatease.com/office-furniture-assembly-beaumont-tx,scripts/generate-location-pages.js|scripts/refresh-seo-and-promo-pages.mjs,true,1,0,0,0,0,10,1,2,true,true,BreadcrumbList|FAQPage|Question|Service
office-furniture-assembly-bee-cave-tx.html,city_service,public_marketing,PASS,"Office Furniture Assembly in Bee Cave, TX — From $89 | AssembleAtEase",https://www.assembleatease.com/office-furniture-assembly-bee-cave-tx,scripts/generate-location-pages.js|scripts/refresh-seo-and-promo-pages.mjs,true,1,0,0,0,0,10,1,2,true,true,BreadcrumbList|FAQPage|Question|Service
office-furniture-assembly-brownsville-tx.html,city_service,public_marketing,PASS,"Office Furniture Assembly in Brownsville, TX — From $89 | AssembleAtEase",https://www.assembleatease.com/office-furniture-assembly-brownsville-tx,scripts/generate-location-pages.js|scripts/refresh-seo-and-promo-pages.mjs,true,1,0,0,0,0,10,1,2,true,true,BreadcrumbList|FAQPage|Question|Service
office-furniture-assembly-bryan-tx.html,city_service,public_marketing,PASS,"Office Furniture Assembly in Bryan, TX — From $89 | AssembleAtEase",https://www.assembleatease.com/office-furniture-assembly-bryan-tx,scripts/generate-location-pages.js|scripts/refresh-seo-and-promo-pages.mjs,true,1,0,0,0,0,10,1,2,true,true,BreadcrumbList|FAQPage|Question|Service
office-furniture-assembly-buda-tx.html,city_service,public_marketing,PASS,"Office Furniture Assembly in Buda, TX — From $89 | AssembleAtEase",https://www.assembleatease.com/office-furniture-assembly-buda-tx,scripts/generate-location-pages.js|scripts/refresh-seo-and-promo-pages.mjs,true,1,0,0,0,0,10,1,2,true,true,BreadcrumbList|FAQPage|Question|Service
office-furniture-assembly-cedar-park-tx.html,city_service,public_marketing,PASS,"Office Furniture Assembly in Cedar Park, TX — From $89 | AssembleAtEase",https://www.assembleatease.com/office-furniture-assembly-cedar-park-tx,scripts/generate-location-pages.js|scripts/refresh-seo-and-promo-pages.mjs,true,1,0,0,0,0,10,1,2,true,true,BreadcrumbList|FAQPage|Question|Service
office-furniture-assembly-college-station-tx.html,city_service,public_marketing,PASS,"Office Furniture Assembly in College Station, TX — From $89 | AssembleAtEase",https://www.assembleatease.com/office-furniture-assembly-college-station-tx,scripts/generate-location-pages.js|scripts/refresh-seo-and-promo-pages.mjs,true,1,0,0,0,0,10,1,2,true,true,BreadcrumbList|FAQPage|Question|Service
office-furniture-assembly-conroe-tx.html,city_service,public_marketing,PASS,"Office Furniture Assembly in Conroe, TX — From $89 | AssembleAtEase",https://www.assembleatease.com/office-furniture-assembly-conroe-tx,scripts/generate-location-pages.js|scripts/refresh-seo-and-promo-pages.mjs,true,1,0,0,0,0,10,1,2,true,true,BreadcrumbList|FAQPage|Question|Service
office-furniture-assembly-corpus-christi-tx.html,city_service,public_marketing,PASS,"Office Furniture Assembly in Corpus Christi, TX — From $89 | AssembleAtEase",https://www.assembleatease.com/office-furniture-assembly-corpus-christi-tx,scripts/generate-location-pages.js|scripts/refresh-seo-and-promo-pages.mjs,true,1,0,0,0,0,10,1,2,true,true,BreadcrumbList|FAQPage|Question|Service
office-furniture-assembly-dallas-tx.html,city_service,public_marketing,PASS,"Office Furniture Assembly in Dallas, TX — From $89 | AssembleAtEase",https://www.assembleatease.com/office-furniture-assembly-dallas-tx,scripts/generate-location-pages.js|scripts/refresh-seo-and-promo-pages.mjs,true,1,0,0,0,0,10,1,2,true,true,BreadcrumbList|FAQPage|Question|Service
office-furniture-assembly-denton-tx.html,city_service,public_marketing,PASS,"Office Furniture Assembly in Denton, TX — From $89 | AssembleAtEase",https://www.assembleatease.com/office-furniture-assembly-denton-tx,scripts/generate-location-pages.js|scripts/refresh-seo-and-promo-pages.mjs,true,1,0,0,0,0,10,1,2,true,true,BreadcrumbList|FAQPage|Question|Service
office-furniture-assembly-edinburg-tx.html,city_service,public_marketing,PASS,"Office Furniture Assembly in Edinburg, TX — From $89 | AssembleAtEase",https://www.assembleatease.com/office-furniture-assembly-edinburg-tx,scripts/generate-location-pages.js|scripts/refresh-seo-and-promo-pages.mjs,true,1,0,0,0,0,10,1,2,true,true,BreadcrumbList|FAQPage|Question|Service
office-furniture-assembly-el-paso-tx.html,city_service,public_marketing,PASS,"Office Furniture Assembly in El Paso, TX — From $89 | AssembleAtEase",https://www.assembleatease.com/office-furniture-assembly-el-paso-tx,scripts/generate-location-pages.js|scripts/refresh-seo-and-promo-pages.mjs,true,1,0,0,0,0,10,1,2,true,true,BreadcrumbList|FAQPage|Question|Service
office-furniture-assembly-fort-worth-tx.html,city_service,public_marketing,PASS,"Office Furniture Assembly in Fort Worth, TX — From $89 | AssembleAtEase",https://www.assembleatease.com/office-furniture-assembly-fort-worth-tx,scripts/generate-location-pages.js|scripts/refresh-seo-and-promo-pages.mjs,true,1,0,0,0,0,10,1,2,true,true,BreadcrumbList|FAQPage|Question|Service
office-furniture-assembly-frisco-tx.html,city_service,public_marketing,PASS,"Office Furniture Assembly in Frisco, TX — From $89 | AssembleAtEase",https://www.assembleatease.com/office-furniture-assembly-frisco-tx,scripts/generate-location-pages.js|scripts/refresh-seo-and-promo-pages.mjs,true,1,0,0,0,0,10,1,2,true,true,BreadcrumbList|FAQPage|Question|Service
office-furniture-assembly-garland-tx.html,city_service,public_marketing,PASS,"Office Furniture Assembly in Garland, TX — From $89 | AssembleAtEase",https://www.assembleatease.com/office-furniture-assembly-garland-tx,scripts/generate-location-pages.js|scripts/refresh-seo-and-promo-pages.mjs,true,1,0,0,0,0,10,1,2,true,true,BreadcrumbList|FAQPage|Question|Service
office-furniture-assembly-georgetown-tx.html,city_service,public_marketing,PASS,"Office Furniture Assembly in Georgetown, TX — From $89 | AssembleAtEase",https://www.assembleatease.com/office-furniture-assembly-georgetown-tx,scripts/generate-location-pages.js|scripts/refresh-seo-and-promo-pages.mjs,true,1,0,0,0,0,10,1,2,true,true,BreadcrumbList|FAQPage|Question|Service
office-furniture-assembly-grand-prairie-tx.html,city_service,public_marketing,PASS,"Office Furniture Assembly in Grand Prairie, TX — From $89 | AssembleAtEase",https://www.assembleatease.com/office-furniture-assembly-grand-prairie-tx,scripts/generate-location-pages.js|scripts/refresh-seo-and-promo-pages.mjs,true,1,0,0,0,0,10,1,2,true,true,BreadcrumbList|FAQPage|Question|Service
office-furniture-assembly-houston-tx.html,city_service,public_marketing,PASS,"Office Furniture Assembly in Houston, TX — From $89 | AssembleAtEase",https://www.assembleatease.com/office-furniture-assembly-houston-tx,scripts/generate-location-pages.js|scripts/refresh-seo-and-promo-pages.mjs,true,1,0,0,0,0,10,1,2,true,true,BreadcrumbList|FAQPage|Question|Service
office-furniture-assembly-hutto-tx.html,city_service,public_marketing,PASS,"Office Furniture Assembly in Hutto, TX — From $89 | AssembleAtEase",https://www.assembleatease.com/office-furniture-assembly-hutto-tx,scripts/generate-location-pages.js|scripts/refresh-seo-and-promo-pages.mjs,true,1,0,0,0,0,10,1,2,true,true,BreadcrumbList|FAQPage|Question|Service
office-furniture-assembly-irving-tx.html,city_service,public_marketing,PASS,"Office Furniture Assembly in Irving, TX — From $89 | AssembleAtEase",https://www.assembleatease.com/office-furniture-assembly-irving-tx,scripts/generate-location-pages.js|scripts/refresh-seo-and-promo-pages.mjs,true,1,0,0,0,0,10,1,2,true,true,BreadcrumbList|FAQPage|Question|Service
office-furniture-assembly-killeen-tx.html,city_service,public_marketing,PASS,"Office Furniture Assembly in Killeen, TX — From $89 | AssembleAtEase",https://www.assembleatease.com/office-furniture-assembly-killeen-tx,scripts/generate-location-pages.js|scripts/refresh-seo-and-promo-pages.mjs,true,1,0,0,0,0,10,1,2,true,true,BreadcrumbList|FAQPage|Question|Service
office-furniture-assembly-kyle-tx.html,city_service,public_marketing,PASS,"Office Furniture Assembly in Kyle, TX — From $89 | AssembleAtEase",https://www.assembleatease.com/office-furniture-assembly-kyle-tx,scripts/generate-location-pages.js|scripts/refresh-seo-and-promo-pages.mjs,true,1,0,0,0,0,10,1,2,true,true,BreadcrumbList|FAQPage|Question|Service
office-furniture-assembly-lakeway-tx.html,city_service,public_marketing,PASS,"Office Furniture Assembly in Lakeway, TX — From $89 | AssembleAtEase",https://www.assembleatease.com/office-furniture-assembly-lakeway-tx,scripts/generate-location-pages.js|scripts/refresh-seo-and-promo-pages.mjs,true,1,0,0,0,0,10,1,2,true,true,BreadcrumbList|FAQPage|Question|Service
office-furniture-assembly-laredo-tx.html,city_service,public_marketing,PASS,"Office Furniture Assembly in Laredo, TX — From $89 | AssembleAtEase",https://www.assembleatease.com/office-furniture-assembly-laredo-tx,scripts/generate-location-pages.js|scripts/refresh-seo-and-promo-pages.mjs,true,1,0,0,0,0,10,1,2,true,true,BreadcrumbList|FAQPage|Question|Service
office-furniture-assembly-league-city-tx.html,city_service,public_marketing,PASS,"Office Furniture Assembly in League City, TX — From $89 | AssembleAtEase",https://www.assembleatease.com/office-furniture-assembly-league-city-tx,scripts/generate-location-pages.js|scripts/refresh-seo-and-promo-pages.mjs,true,1,0,0,0,0,10,1,2,true,true,BreadcrumbList|FAQPage|Question|Service
office-furniture-assembly-leander-tx.html,city_service,public_marketing,PASS,"Office Furniture Assembly in Leander, TX — From $89 | AssembleAtEase",https://www.assembleatease.com/office-furniture-assembly-leander-tx,scripts/generate-location-pages.js|scripts/refresh-seo-and-promo-pages.mjs,true,1,0,0,0,0,10,1,2,true,true,BreadcrumbList|FAQPage|Question|Service
office-furniture-assembly-lubbock-tx.html,city_service,public_marketing,PASS,"Office Furniture Assembly in Lubbock, TX — From $89 | AssembleAtEase",https://www.assembleatease.com/office-furniture-assembly-lubbock-tx,scripts/generate-location-pages.js|scripts/refresh-seo-and-promo-pages.mjs,true,1,0,0,0,0,10,1,2,true,true,BreadcrumbList|FAQPage|Question|Service
office-furniture-assembly-manor-tx.html,city_service,public_marketing,PASS,"Office Furniture Assembly in Manor, TX — From $89 | AssembleAtEase",https://www.assembleatease.com/office-furniture-assembly-manor-tx,scripts/generate-location-pages.js|scripts/refresh-seo-and-promo-pages.mjs,true,1,0,0,0,0,10,1,2,true,true,BreadcrumbList|FAQPage|Question|Service
office-furniture-assembly-mcallen-tx.html,city_service,public_marketing,PASS,"Office Furniture Assembly in McAllen, TX — From $89 | AssembleAtEase",https://www.assembleatease.com/office-furniture-assembly-mcallen-tx,scripts/generate-location-pages.js|scripts/refresh-seo-and-promo-pages.mjs,true,1,0,0,0,0,10,1,2,true,true,BreadcrumbList|FAQPage|Question|Service
office-furniture-assembly-mckinney-tx.html,city_service,public_marketing,PASS,"Office Furniture Assembly in McKinney, TX — From $89 | AssembleAtEase",https://www.assembleatease.com/office-furniture-assembly-mckinney-tx,scripts/generate-location-pages.js|scripts/refresh-seo-and-promo-pages.mjs,true,1,0,0,0,0,10,1,2,true,true,BreadcrumbList|FAQPage|Question|Service
office-furniture-assembly-mesquite-tx.html,city_service,public_marketing,PASS,"Office Furniture Assembly in Mesquite, TX — From $89 | AssembleAtEase",https://www.assembleatease.com/office-furniture-assembly-mesquite-tx,scripts/generate-location-pages.js|scripts/refresh-seo-and-promo-pages.mjs,true,1,0,0,0,0,10,1,2,true,true,BreadcrumbList|FAQPage|Question|Service
office-furniture-assembly-midland-tx.html,city_service,public_marketing,PASS,"Office Furniture Assembly in Midland, TX — From $89 | AssembleAtEase",https://www.assembleatease.com/office-furniture-assembly-midland-tx,scripts/generate-location-pages.js|scripts/refresh-seo-and-promo-pages.mjs,true,1,0,0,0,0,10,1,2,true,true,BreadcrumbList|FAQPage|Question|Service
office-furniture-assembly-new-braunfels-tx.html,city_service,public_marketing,PASS,"Office Furniture Assembly in New Braunfels, TX — From $89 | AssembleAtEase",https://www.assembleatease.com/office-furniture-assembly-new-braunfels-tx,scripts/generate-location-pages.js|scripts/refresh-seo-and-promo-pages.mjs,true,1,0,0,0,0,10,1,2,true,true,BreadcrumbList|FAQPage|Question|Service
office-furniture-assembly-odessa-tx.html,city_service,public_marketing,PASS,"Office Furniture Assembly in Odessa, TX — From $89 | AssembleAtEase",https://www.assembleatease.com/office-furniture-assembly-odessa-tx,scripts/generate-location-pages.js|scripts/refresh-seo-and-promo-pages.mjs,true,1,0,0,0,0,10,1,2,true,true,BreadcrumbList|FAQPage|Question|Service
office-furniture-assembly-pasadena-tx.html,city_service,public_marketing,PASS,"Office Furniture Assembly in Pasadena, TX — From $89 | AssembleAtEase",https://www.assembleatease.com/office-furniture-assembly-pasadena-tx,scripts/generate-location-pages.js|scripts/refresh-seo-and-promo-pages.mjs,true,1,0,0,0,0,10,1,2,true,true,BreadcrumbList|FAQPage|Question|Service
office-furniture-assembly-pearland-tx.html,city_service,public_marketing,PASS,"Office Furniture Assembly in Pearland, TX — From $89 | AssembleAtEase",https://www.assembleatease.com/office-furniture-assembly-pearland-tx,scripts/generate-location-pages.js|scripts/refresh-seo-and-promo-pages.mjs,true,1,0,0,0,0,10,1,2,true,true,BreadcrumbList|FAQPage|Question|Service
office-furniture-assembly-pflugerville-tx.html,city_service,public_marketing,PASS,"Office Furniture Assembly in Pflugerville, TX — From $89 | AssembleAtEase",https://www.assembleatease.com/office-furniture-assembly-pflugerville-tx,scripts/generate-location-pages.js|scripts/refresh-seo-and-promo-pages.mjs,true,1,0,0,0,0,10,1,2,true,true,BreadcrumbList|FAQPage|Question|Service
office-furniture-assembly-plano-tx.html,city_service,public_marketing,PASS,"Office Furniture Assembly in Plano, TX — From $89 | AssembleAtEase",https://www.assembleatease.com/office-furniture-assembly-plano-tx,scripts/generate-location-pages.js|scripts/refresh-seo-and-promo-pages.mjs,true,1,0,0,0,0,10,1,2,true,true,BreadcrumbList|FAQPage|Question|Service
office-furniture-assembly-richardson-tx.html,city_service,public_marketing,PASS,"Office Furniture Assembly in Richardson, TX — From $89 | AssembleAtEase",https://www.assembleatease.com/office-furniture-assembly-richardson-tx,scripts/generate-location-pages.js|scripts/refresh-seo-and-promo-pages.mjs,true,1,0,0,0,0,10,1,2,true,true,BreadcrumbList|FAQPage|Question|Service
office-furniture-assembly-round-rock-tx.html,city_service,public_marketing,PASS,"Office Furniture Assembly in Round Rock, TX — From $89 | AssembleAtEase",https://www.assembleatease.com/office-furniture-assembly-round-rock-tx,scripts/generate-location-pages.js|scripts/refresh-seo-and-promo-pages.mjs,true,1,0,0,0,0,10,1,2,true,true,BreadcrumbList|FAQPage|Question|Service
office-furniture-assembly-san-angelo-tx.html,city_service,public_marketing,PASS,"Office Furniture Assembly in San Angelo, TX — From $89 | AssembleAtEase",https://www.assembleatease.com/office-furniture-assembly-san-angelo-tx,scripts/generate-location-pages.js|scripts/refresh-seo-and-promo-pages.mjs,true,1,0,0,0,0,10,1,2,true,true,BreadcrumbList|FAQPage|Question|Service
office-furniture-assembly-san-antonio-tx.html,city_service,public_marketing,PASS,"Office Furniture Assembly in San Antonio, TX — From $89 | AssembleAtEase",https://www.assembleatease.com/office-furniture-assembly-san-antonio-tx,scripts/generate-location-pages.js|scripts/refresh-seo-and-promo-pages.mjs,true,1,0,0,0,0,10,1,2,true,true,BreadcrumbList|FAQPage|Question|Service
office-furniture-assembly-sugar-land-tx.html,city_service,public_marketing,PASS,"Office Furniture Assembly in Sugar Land, TX — From $89 | AssembleAtEase",https://www.assembleatease.com/office-furniture-assembly-sugar-land-tx,scripts/generate-location-pages.js|scripts/refresh-seo-and-promo-pages.mjs,true,1,0,0,0,0,10,1,2,true,true,BreadcrumbList|FAQPage|Question|Service
office-furniture-assembly-temple-tx.html,city_service,public_marketing,PASS,"Office Furniture Assembly in Temple, TX — From $89 | AssembleAtEase",https://www.assembleatease.com/office-furniture-assembly-temple-tx,scripts/generate-location-pages.js|scripts/refresh-seo-and-promo-pages.mjs,true,1,0,0,0,0,10,1,2,true,true,BreadcrumbList|FAQPage|Question|Service
office-furniture-assembly-the-woodlands-tx.html,city_service,public_marketing,PASS,"Office Furniture Assembly in The Woodlands, TX — From $89 | AssembleAtEase",https://www.assembleatease.com/office-furniture-assembly-the-woodlands-tx,scripts/generate-location-pages.js|scripts/refresh-seo-and-promo-pages.mjs,true,1,0,0,0,0,10,1,2,true,true,BreadcrumbList|FAQPage|Question|Service
office-furniture-assembly-tyler-tx.html,city_service,public_marketing,PASS,"Office Furniture Assembly in Tyler, TX — From $89 | AssembleAtEase",https://www.assembleatease.com/office-furniture-assembly-tyler-tx,scripts/generate-location-pages.js|scripts/refresh-seo-and-promo-pages.mjs,true,1,0,0,0,0,10,1,2,true,true,BreadcrumbList|FAQPage|Question|Service
office-furniture-assembly-waco-tx.html,city_service,public_marketing,PASS,"Office Furniture Assembly in Waco, TX — From $89 | AssembleAtEase",https://www.assembleatease.com/office-furniture-assembly-waco-tx,scripts/generate-location-pages.js|scripts/refresh-seo-and-promo-pages.mjs,true,1,0,0,0,0,10,1,2,true,true,BreadcrumbList|FAQPage|Question|Service
owner/email.html,owner_portal,private_owner,PASS,Customer Email — AssembleAtEase Owner,,manual owner page,false,0,0,0,0,0,0,0,0,false,false,
owner/index.html,owner_portal,private_owner,PASS,Owner Dashboard — AssembleAtEase,,manual owner page,false,0,0,0,0,0,0,0,0,false,false,
playset-assembly-abilene-tx.html,city_service,public_marketing,PASS,"Playset Assembly in Abilene, TX — From $299 | AssembleAtEase",https://www.assembleatease.com/playset-assembly-abilene-tx,scripts/generate-location-pages.js|scripts/refresh-seo-and-promo-pages.mjs,true,1,0,0,0,0,10,1,2,true,true,BreadcrumbList|FAQPage|Question|Service
playset-assembly-allen-tx.html,city_service,public_marketing,PASS,"Playset Assembly in Allen, TX — From $299 | AssembleAtEase",https://www.assembleatease.com/playset-assembly-allen-tx,scripts/generate-location-pages.js|scripts/refresh-seo-and-promo-pages.mjs,true,1,0,0,0,0,10,1,2,true,true,BreadcrumbList|FAQPage|Question|Service
playset-assembly-amarillo-tx.html,city_service,public_marketing,PASS,"Playset Assembly in Amarillo, TX — From $299 | AssembleAtEase",https://www.assembleatease.com/playset-assembly-amarillo-tx,scripts/generate-location-pages.js|scripts/refresh-seo-and-promo-pages.mjs,true,1,0,0,0,0,10,1,2,true,true,BreadcrumbList|FAQPage|Question|Service
playset-assembly-arlington-tx.html,city_service,public_marketing,PASS,"Playset Assembly in Arlington, TX — From $299 | AssembleAtEase",https://www.assembleatease.com/playset-assembly-arlington-tx,scripts/generate-location-pages.js|scripts/refresh-seo-and-promo-pages.mjs,true,1,0,0,0,0,10,1,2,true,true,BreadcrumbList|FAQPage|Question|Service
playset-assembly-austin-tx.html,flagship_service,public_marketing,PASS,"Playset Assembly in Austin, TX — From $299 | AssembleAtEase",https://www.assembleatease.com/playset-assembly-austin-tx,scripts/build-flagship-service-pages.mjs,true,1,0,0,0,0,10,1,2,true,true,BreadcrumbList|FAQPage|Question|Service
playset-assembly-baytown-tx.html,city_service,public_marketing,PASS,"Playset Assembly in Baytown, TX — From $299 | AssembleAtEase",https://www.assembleatease.com/playset-assembly-baytown-tx,scripts/generate-location-pages.js|scripts/refresh-seo-and-promo-pages.mjs,true,1,0,0,0,0,10,1,2,true,true,BreadcrumbList|FAQPage|Question|Service
playset-assembly-beaumont-tx.html,city_service,public_marketing,PASS,"Playset Assembly in Beaumont, TX — From $299 | AssembleAtEase",https://www.assembleatease.com/playset-assembly-beaumont-tx,scripts/generate-location-pages.js|scripts/refresh-seo-and-promo-pages.mjs,true,1,0,0,0,0,10,1,2,true,true,BreadcrumbList|FAQPage|Question|Service
playset-assembly-bee-cave-tx.html,city_service,public_marketing,PASS,"Playset Assembly in Bee Cave, TX — From $299 | AssembleAtEase",https://www.assembleatease.com/playset-assembly-bee-cave-tx,scripts/generate-location-pages.js|scripts/refresh-seo-and-promo-pages.mjs,true,1,0,0,0,0,10,1,2,true,true,BreadcrumbList|FAQPage|Question|Service
playset-assembly-brownsville-tx.html,city_service,public_marketing,PASS,"Playset Assembly in Brownsville, TX — From $299 | AssembleAtEase",https://www.assembleatease.com/playset-assembly-brownsville-tx,scripts/generate-location-pages.js|scripts/refresh-seo-and-promo-pages.mjs,true,1,0,0,0,0,10,1,2,true,true,BreadcrumbList|FAQPage|Question|Service
playset-assembly-bryan-tx.html,city_service,public_marketing,PASS,"Playset Assembly in Bryan, TX — From $299 | AssembleAtEase",https://www.assembleatease.com/playset-assembly-bryan-tx,scripts/generate-location-pages.js|scripts/refresh-seo-and-promo-pages.mjs,true,1,0,0,0,0,10,1,2,true,true,BreadcrumbList|FAQPage|Question|Service
playset-assembly-buda-tx.html,city_service,public_marketing,PASS,"Playset Assembly in Buda, TX — From $299 | AssembleAtEase",https://www.assembleatease.com/playset-assembly-buda-tx,scripts/generate-location-pages.js|scripts/refresh-seo-and-promo-pages.mjs,true,1,0,0,0,0,10,1,2,true,true,BreadcrumbList|FAQPage|Question|Service
playset-assembly-cedar-park-tx.html,city_service,public_marketing,PASS,"Playset Assembly in Cedar Park, TX — From $299 | AssembleAtEase",https://www.assembleatease.com/playset-assembly-cedar-park-tx,scripts/generate-location-pages.js|scripts/refresh-seo-and-promo-pages.mjs,true,1,0,0,0,0,10,1,2,true,true,BreadcrumbList|FAQPage|Question|Service
playset-assembly-college-station-tx.html,city_service,public_marketing,PASS,"Playset Assembly in College Station, TX — From $299 | AssembleAtEase",https://www.assembleatease.com/playset-assembly-college-station-tx,scripts/generate-location-pages.js|scripts/refresh-seo-and-promo-pages.mjs,true,1,0,0,0,0,10,1,2,true,true,BreadcrumbList|FAQPage|Question|Service
playset-assembly-conroe-tx.html,city_service,public_marketing,PASS,"Playset Assembly in Conroe, TX — From $299 | AssembleAtEase",https://www.assembleatease.com/playset-assembly-conroe-tx,scripts/generate-location-pages.js|scripts/refresh-seo-and-promo-pages.mjs,true,1,0,0,0,0,10,1,2,true,true,BreadcrumbList|FAQPage|Question|Service
playset-assembly-corpus-christi-tx.html,city_service,public_marketing,PASS,"Playset Assembly in Corpus Christi, TX — From $299 | AssembleAtEase",https://www.assembleatease.com/playset-assembly-corpus-christi-tx,scripts/generate-location-pages.js|scripts/refresh-seo-and-promo-pages.mjs,true,1,0,0,0,0,10,1,2,true,true,BreadcrumbList|FAQPage|Question|Service
playset-assembly-dallas-tx.html,city_service,public_marketing,PASS,"Playset Assembly in Dallas, TX — From $299 | AssembleAtEase",https://www.assembleatease.com/playset-assembly-dallas-tx,scripts/generate-location-pages.js|scripts/refresh-seo-and-promo-pages.mjs,true,1,0,0,0,0,10,1,2,true,true,BreadcrumbList|FAQPage|Question|Service
playset-assembly-denton-tx.html,city_service,public_marketing,PASS,"Playset Assembly in Denton, TX — From $299 | AssembleAtEase",https://www.assembleatease.com/playset-assembly-denton-tx,scripts/generate-location-pages.js|scripts/refresh-seo-and-promo-pages.mjs,true,1,0,0,0,0,10,1,2,true,true,BreadcrumbList|FAQPage|Question|Service
playset-assembly-edinburg-tx.html,city_service,public_marketing,PASS,"Playset Assembly in Edinburg, TX — From $299 | AssembleAtEase",https://www.assembleatease.com/playset-assembly-edinburg-tx,scripts/generate-location-pages.js|scripts/refresh-seo-and-promo-pages.mjs,true,1,0,0,0,0,10,1,2,true,true,BreadcrumbList|FAQPage|Question|Service
playset-assembly-el-paso-tx.html,city_service,public_marketing,PASS,"Playset Assembly in El Paso, TX — From $299 | AssembleAtEase",https://www.assembleatease.com/playset-assembly-el-paso-tx,scripts/generate-location-pages.js|scripts/refresh-seo-and-promo-pages.mjs,true,1,0,0,0,0,10,1,2,true,true,BreadcrumbList|FAQPage|Question|Service
playset-assembly-fort-worth-tx.html,city_service,public_marketing,PASS,"Playset Assembly in Fort Worth, TX — From $299 | AssembleAtEase",https://www.assembleatease.com/playset-assembly-fort-worth-tx,scripts/generate-location-pages.js|scripts/refresh-seo-and-promo-pages.mjs,true,1,0,0,0,0,10,1,2,true,true,BreadcrumbList|FAQPage|Question|Service
playset-assembly-frisco-tx.html,city_service,public_marketing,PASS,"Playset Assembly in Frisco, TX — From $299 | AssembleAtEase",https://www.assembleatease.com/playset-assembly-frisco-tx,scripts/generate-location-pages.js|scripts/refresh-seo-and-promo-pages.mjs,true,1,0,0,0,0,10,1,2,true,true,BreadcrumbList|FAQPage|Question|Service
playset-assembly-garland-tx.html,city_service,public_marketing,PASS,"Playset Assembly in Garland, TX — From $299 | AssembleAtEase",https://www.assembleatease.com/playset-assembly-garland-tx,scripts/generate-location-pages.js|scripts/refresh-seo-and-promo-pages.mjs,true,1,0,0,0,0,10,1,2,true,true,BreadcrumbList|FAQPage|Question|Service
playset-assembly-georgetown-tx.html,city_service,public_marketing,PASS,"Playset Assembly in Georgetown, TX — From $299 | AssembleAtEase",https://www.assembleatease.com/playset-assembly-georgetown-tx,scripts/generate-location-pages.js|scripts/refresh-seo-and-promo-pages.mjs,true,1,0,0,0,0,10,1,2,true,true,BreadcrumbList|FAQPage|Question|Service
playset-assembly-grand-prairie-tx.html,city_service,public_marketing,PASS,"Playset Assembly in Grand Prairie, TX — From $299 | AssembleAtEase",https://www.assembleatease.com/playset-assembly-grand-prairie-tx,scripts/generate-location-pages.js|scripts/refresh-seo-and-promo-pages.mjs,true,1,0,0,0,0,10,1,2,true,true,BreadcrumbList|FAQPage|Question|Service
playset-assembly-houston-tx.html,city_service,public_marketing,PASS,"Playset Assembly in Houston, TX — From $299 | AssembleAtEase",https://www.assembleatease.com/playset-assembly-houston-tx,scripts/generate-location-pages.js|scripts/refresh-seo-and-promo-pages.mjs,true,1,0,0,0,0,10,1,2,true,true,BreadcrumbList|FAQPage|Question|Service
playset-assembly-hutto-tx.html,city_service,public_marketing,PASS,"Playset Assembly in Hutto, TX — From $299 | AssembleAtEase",https://www.assembleatease.com/playset-assembly-hutto-tx,scripts/generate-location-pages.js|scripts/refresh-seo-and-promo-pages.mjs,true,1,0,0,0,0,10,1,2,true,true,BreadcrumbList|FAQPage|Question|Service
playset-assembly-irving-tx.html,city_service,public_marketing,PASS,"Playset Assembly in Irving, TX — From $299 | AssembleAtEase",https://www.assembleatease.com/playset-assembly-irving-tx,scripts/generate-location-pages.js|scripts/refresh-seo-and-promo-pages.mjs,true,1,0,0,0,0,10,1,2,true,true,BreadcrumbList|FAQPage|Question|Service
playset-assembly-killeen-tx.html,city_service,public_marketing,PASS,"Playset Assembly in Killeen, TX — From $299 | AssembleAtEase",https://www.assembleatease.com/playset-assembly-killeen-tx,scripts/generate-location-pages.js|scripts/refresh-seo-and-promo-pages.mjs,true,1,0,0,0,0,10,1,2,true,true,BreadcrumbList|FAQPage|Question|Service
playset-assembly-kyle-tx.html,city_service,public_marketing,PASS,"Playset Assembly in Kyle, TX — From $299 | AssembleAtEase",https://www.assembleatease.com/playset-assembly-kyle-tx,scripts/generate-location-pages.js|scripts/refresh-seo-and-promo-pages.mjs,true,1,0,0,0,0,10,1,2,true,true,BreadcrumbList|FAQPage|Question|Service
playset-assembly-lakeway-tx.html,city_service,public_marketing,PASS,"Playset Assembly in Lakeway, TX — From $299 | AssembleAtEase",https://www.assembleatease.com/playset-assembly-lakeway-tx,scripts/generate-location-pages.js|scripts/refresh-seo-and-promo-pages.mjs,true,1,0,0,0,0,10,1,2,true,true,BreadcrumbList|FAQPage|Question|Service
playset-assembly-laredo-tx.html,city_service,public_marketing,PASS,"Playset Assembly in Laredo, TX — From $299 | AssembleAtEase",https://www.assembleatease.com/playset-assembly-laredo-tx,scripts/generate-location-pages.js|scripts/refresh-seo-and-promo-pages.mjs,true,1,0,0,0,0,10,1,2,true,true,BreadcrumbList|FAQPage|Question|Service
playset-assembly-league-city-tx.html,city_service,public_marketing,PASS,"Playset Assembly in League City, TX — From $299 | AssembleAtEase",https://www.assembleatease.com/playset-assembly-league-city-tx,scripts/generate-location-pages.js|scripts/refresh-seo-and-promo-pages.mjs,true,1,0,0,0,0,10,1,2,true,true,BreadcrumbList|FAQPage|Question|Service
playset-assembly-leander-tx.html,city_service,public_marketing,PASS,"Playset Assembly in Leander, TX — From $299 | AssembleAtEase",https://www.assembleatease.com/playset-assembly-leander-tx,scripts/generate-location-pages.js|scripts/refresh-seo-and-promo-pages.mjs,true,1,0,0,0,0,10,1,2,true,true,BreadcrumbList|FAQPage|Question|Service
playset-assembly-lubbock-tx.html,city_service,public_marketing,PASS,"Playset Assembly in Lubbock, TX — From $299 | AssembleAtEase",https://www.assembleatease.com/playset-assembly-lubbock-tx,scripts/generate-location-pages.js|scripts/refresh-seo-and-promo-pages.mjs,true,1,0,0,0,0,10,1,2,true,true,BreadcrumbList|FAQPage|Question|Service
playset-assembly-manor-tx.html,city_service,public_marketing,PASS,"Playset Assembly in Manor, TX — From $299 | AssembleAtEase",https://www.assembleatease.com/playset-assembly-manor-tx,scripts/generate-location-pages.js|scripts/refresh-seo-and-promo-pages.mjs,true,1,0,0,0,0,10,1,2,true,true,BreadcrumbList|FAQPage|Question|Service
playset-assembly-mcallen-tx.html,city_service,public_marketing,PASS,"Playset Assembly in McAllen, TX — From $299 | AssembleAtEase",https://www.assembleatease.com/playset-assembly-mcallen-tx,scripts/generate-location-pages.js|scripts/refresh-seo-and-promo-pages.mjs,true,1,0,0,0,0,10,1,2,true,true,BreadcrumbList|FAQPage|Question|Service
playset-assembly-mckinney-tx.html,city_service,public_marketing,PASS,"Playset Assembly in McKinney, TX — From $299 | AssembleAtEase",https://www.assembleatease.com/playset-assembly-mckinney-tx,scripts/generate-location-pages.js|scripts/refresh-seo-and-promo-pages.mjs,true,1,0,0,0,0,10,1,2,true,true,BreadcrumbList|FAQPage|Question|Service
playset-assembly-mesquite-tx.html,city_service,public_marketing,PASS,"Playset Assembly in Mesquite, TX — From $299 | AssembleAtEase",https://www.assembleatease.com/playset-assembly-mesquite-tx,scripts/generate-location-pages.js|scripts/refresh-seo-and-promo-pages.mjs,true,1,0,0,0,0,10,1,2,true,true,BreadcrumbList|FAQPage|Question|Service
playset-assembly-midland-tx.html,city_service,public_marketing,PASS,"Playset Assembly in Midland, TX — From $299 | AssembleAtEase",https://www.assembleatease.com/playset-assembly-midland-tx,scripts/generate-location-pages.js|scripts/refresh-seo-and-promo-pages.mjs,true,1,0,0,0,0,10,1,2,true,true,BreadcrumbList|FAQPage|Question|Service
playset-assembly-new-braunfels-tx.html,city_service,public_marketing,PASS,"Playset Assembly in New Braunfels, TX — From $299 | AssembleAtEase",https://www.assembleatease.com/playset-assembly-new-braunfels-tx,scripts/generate-location-pages.js|scripts/refresh-seo-and-promo-pages.mjs,true,1,0,0,0,0,10,1,2,true,true,BreadcrumbList|FAQPage|Question|Service
playset-assembly-odessa-tx.html,city_service,public_marketing,PASS,"Playset Assembly in Odessa, TX — From $299 | AssembleAtEase",https://www.assembleatease.com/playset-assembly-odessa-tx,scripts/generate-location-pages.js|scripts/refresh-seo-and-promo-pages.mjs,true,1,0,0,0,0,10,1,2,true,true,BreadcrumbList|FAQPage|Question|Service
playset-assembly-pasadena-tx.html,city_service,public_marketing,PASS,"Playset Assembly in Pasadena, TX — From $299 | AssembleAtEase",https://www.assembleatease.com/playset-assembly-pasadena-tx,scripts/generate-location-pages.js|scripts/refresh-seo-and-promo-pages.mjs,true,1,0,0,0,0,10,1,2,true,true,BreadcrumbList|FAQPage|Question|Service
playset-assembly-pearland-tx.html,city_service,public_marketing,PASS,"Playset Assembly in Pearland, TX — From $299 | AssembleAtEase",https://www.assembleatease.com/playset-assembly-pearland-tx,scripts/generate-location-pages.js|scripts/refresh-seo-and-promo-pages.mjs,true,1,0,0,0,0,10,1,2,true,true,BreadcrumbList|FAQPage|Question|Service
playset-assembly-pflugerville-tx.html,city_service,public_marketing,PASS,"Playset Assembly in Pflugerville, TX — From $299 | AssembleAtEase",https://www.assembleatease.com/playset-assembly-pflugerville-tx,scripts/generate-location-pages.js|scripts/refresh-seo-and-promo-pages.mjs,true,1,0,0,0,0,10,1,2,true,true,BreadcrumbList|FAQPage|Question|Service
playset-assembly-plano-tx.html,city_service,public_marketing,PASS,"Playset Assembly in Plano, TX — From $299 | AssembleAtEase",https://www.assembleatease.com/playset-assembly-plano-tx,scripts/generate-location-pages.js|scripts/refresh-seo-and-promo-pages.mjs,true,1,0,0,0,0,10,1,2,true,true,BreadcrumbList|FAQPage|Question|Service
playset-assembly-richardson-tx.html,city_service,public_marketing,PASS,"Playset Assembly in Richardson, TX — From $299 | AssembleAtEase",https://www.assembleatease.com/playset-assembly-richardson-tx,scripts/generate-location-pages.js|scripts/refresh-seo-and-promo-pages.mjs,true,1,0,0,0,0,10,1,2,true,true,BreadcrumbList|FAQPage|Question|Service
playset-assembly-round-rock-tx.html,city_service,public_marketing,PASS,"Playset Assembly in Round Rock, TX — From $299 | AssembleAtEase",https://www.assembleatease.com/playset-assembly-round-rock-tx,scripts/generate-location-pages.js|scripts/refresh-seo-and-promo-pages.mjs,true,1,0,0,0,0,10,1,2,true,true,BreadcrumbList|FAQPage|Question|Service
playset-assembly-san-angelo-tx.html,city_service,public_marketing,PASS,"Playset Assembly in San Angelo, TX — From $299 | AssembleAtEase",https://www.assembleatease.com/playset-assembly-san-angelo-tx,scripts/generate-location-pages.js|scripts/refresh-seo-and-promo-pages.mjs,true,1,0,0,0,0,10,1,2,true,true,BreadcrumbList|FAQPage|Question|Service
playset-assembly-san-antonio-tx.html,city_service,public_marketing,PASS,"Playset Assembly in San Antonio, TX — From $299 | AssembleAtEase",https://www.assembleatease.com/playset-assembly-san-antonio-tx,scripts/generate-location-pages.js|scripts/refresh-seo-and-promo-pages.mjs,true,1,0,0,0,0,10,1,2,true,true,BreadcrumbList|FAQPage|Question|Service
playset-assembly-sugar-land-tx.html,city_service,public_marketing,PASS,"Playset Assembly in Sugar Land, TX — From $299 | AssembleAtEase",https://www.assembleatease.com/playset-assembly-sugar-land-tx,scripts/generate-location-pages.js|scripts/refresh-seo-and-promo-pages.mjs,true,1,0,0,0,0,10,1,2,true,true,BreadcrumbList|FAQPage|Question|Service
playset-assembly-temple-tx.html,city_service,public_marketing,PASS,"Playset Assembly in Temple, TX — From $299 | AssembleAtEase",https://www.assembleatease.com/playset-assembly-temple-tx,scripts/generate-location-pages.js|scripts/refresh-seo-and-promo-pages.mjs,true,1,0,0,0,0,10,1,2,true,true,BreadcrumbList|FAQPage|Question|Service
playset-assembly-the-woodlands-tx.html,city_service,public_marketing,PASS,"Playset Assembly in The Woodlands, TX — From $299 | AssembleAtEase",https://www.assembleatease.com/playset-assembly-the-woodlands-tx,scripts/generate-location-pages.js|scripts/refresh-seo-and-promo-pages.mjs,true,1,0,0,0,0,10,1,2,true,true,BreadcrumbList|FAQPage|Question|Service
playset-assembly-tyler-tx.html,city_service,public_marketing,PASS,"Playset Assembly in Tyler, TX — From $299 | AssembleAtEase",https://www.assembleatease.com/playset-assembly-tyler-tx,scripts/generate-location-pages.js|scripts/refresh-seo-and-promo-pages.mjs,true,1,0,0,0,0,10,1,2,true,true,BreadcrumbList|FAQPage|Question|Service
playset-assembly-waco-tx.html,city_service,public_marketing,PASS,"Playset Assembly in Waco, TX — From $299 | AssembleAtEase",https://www.assembleatease.com/playset-assembly-waco-tx,scripts/generate-location-pages.js|scripts/refresh-seo-and-promo-pages.mjs,true,1,0,0,0,0,10,1,2,true,true,BreadcrumbList|FAQPage|Question|Service
pricing.html,pricing,public_marketing,PASS,Service Pricing &mdash; AssembleAtEase,https://www.assembleatease.com/pricing,manual core page,true,1,0,0,0,0,17,1,3,true,true,BreadcrumbList|Service|WebPage
privacy.html,policy,public_support,PASS,Privacy Policy &mdash; AssembleAtEase,https://www.assembleatease.com/privacy,manual marketing page,false,1,0,0,0,0,8,1,3,true,true,WebPage
review.html,support,public_support,PASS,Rate Your Pro &mdash; AssembleAtEase,https://www.assembleatease.com/review,manual marketing page,false,1,0,0,0,0,8,1,3,true,true,
setup-club.html,support,public_support,PASS,"Setup Club — Priority Home Setup, Rewards &amp; Member Benefits | AssembleAtEase",https://www.assembleatease.com/setup-club,manual marketing page,false,1,0,0,0,0,10,1,3,true,true,
smart-home-installation-abilene-tx.html,city_service,public_marketing,PASS,"Smart Home Installation in Abilene, TX — From $69 | AssembleAtEase",https://www.assembleatease.com/smart-home-installation-abilene-tx,scripts/generate-location-pages.js|scripts/refresh-seo-and-promo-pages.mjs,true,1,0,0,0,0,10,1,2,true,true,BreadcrumbList|FAQPage|Question|Service
smart-home-installation-allen-tx.html,city_service,public_marketing,PASS,"Smart Home Installation in Allen, TX — From $69 | AssembleAtEase",https://www.assembleatease.com/smart-home-installation-allen-tx,scripts/generate-location-pages.js|scripts/refresh-seo-and-promo-pages.mjs,true,1,0,0,0,0,10,1,2,true,true,BreadcrumbList|FAQPage|Question|Service
smart-home-installation-amarillo-tx.html,city_service,public_marketing,PASS,"Smart Home Installation in Amarillo, TX — From $69 | AssembleAtEase",https://www.assembleatease.com/smart-home-installation-amarillo-tx,scripts/generate-location-pages.js|scripts/refresh-seo-and-promo-pages.mjs,true,1,0,0,0,0,10,1,2,true,true,BreadcrumbList|FAQPage|Question|Service
smart-home-installation-arlington-tx.html,city_service,public_marketing,PASS,"Smart Home Installation in Arlington, TX — From $69 | AssembleAtEase",https://www.assembleatease.com/smart-home-installation-arlington-tx,scripts/generate-location-pages.js|scripts/refresh-seo-and-promo-pages.mjs,true,1,0,0,0,0,10,1,2,true,true,BreadcrumbList|FAQPage|Question|Service
smart-home-installation-austin-tx.html,flagship_service,public_marketing,PASS,"Smart Home Installation in Austin, TX — From $69 | AssembleAtEase",https://www.assembleatease.com/smart-home-installation-austin-tx,scripts/build-flagship-service-pages.mjs,true,1,0,0,0,0,10,1,2,true,true,BreadcrumbList|FAQPage|Question|Service
smart-home-installation-baytown-tx.html,city_service,public_marketing,PASS,"Smart Home Installation in Baytown, TX — From $69 | AssembleAtEase",https://www.assembleatease.com/smart-home-installation-baytown-tx,scripts/generate-location-pages.js|scripts/refresh-seo-and-promo-pages.mjs,true,1,0,0,0,0,10,1,2,true,true,BreadcrumbList|FAQPage|Question|Service
smart-home-installation-beaumont-tx.html,city_service,public_marketing,PASS,"Smart Home Installation in Beaumont, TX — From $69 | AssembleAtEase",https://www.assembleatease.com/smart-home-installation-beaumont-tx,scripts/generate-location-pages.js|scripts/refresh-seo-and-promo-pages.mjs,true,1,0,0,0,0,10,1,2,true,true,BreadcrumbList|FAQPage|Question|Service
smart-home-installation-bee-cave-tx.html,city_service,public_marketing,PASS,"Smart Home Installation in Bee Cave, TX — From $69 | AssembleAtEase",https://www.assembleatease.com/smart-home-installation-bee-cave-tx,scripts/generate-location-pages.js|scripts/refresh-seo-and-promo-pages.mjs,true,1,0,0,0,0,10,1,2,true,true,BreadcrumbList|FAQPage|Question|Service
smart-home-installation-brownsville-tx.html,city_service,public_marketing,PASS,"Smart Home Installation in Brownsville, TX — From $69 | AssembleAtEase",https://www.assembleatease.com/smart-home-installation-brownsville-tx,scripts/generate-location-pages.js|scripts/refresh-seo-and-promo-pages.mjs,true,1,0,0,0,0,10,1,2,true,true,BreadcrumbList|FAQPage|Question|Service
smart-home-installation-bryan-tx.html,city_service,public_marketing,PASS,"Smart Home Installation in Bryan, TX — From $69 | AssembleAtEase",https://www.assembleatease.com/smart-home-installation-bryan-tx,scripts/generate-location-pages.js|scripts/refresh-seo-and-promo-pages.mjs,true,1,0,0,0,0,10,1,2,true,true,BreadcrumbList|FAQPage|Question|Service
smart-home-installation-buda-tx.html,city_service,public_marketing,PASS,"Smart Home Installation in Buda, TX — From $69 | AssembleAtEase",https://www.assembleatease.com/smart-home-installation-buda-tx,scripts/generate-location-pages.js|scripts/refresh-seo-and-promo-pages.mjs,true,1,0,0,0,0,10,1,2,true,true,BreadcrumbList|FAQPage|Question|Service
smart-home-installation-cedar-park-tx.html,city_service,public_marketing,PASS,"Smart Home Installation in Cedar Park, TX — From $69 | AssembleAtEase",https://www.assembleatease.com/smart-home-installation-cedar-park-tx,scripts/generate-location-pages.js|scripts/refresh-seo-and-promo-pages.mjs,true,1,0,0,0,0,10,1,2,true,true,BreadcrumbList|FAQPage|Question|Service
smart-home-installation-college-station-tx.html,city_service,public_marketing,PASS,"Smart Home Installation in College Station, TX — From $69 | AssembleAtEase",https://www.assembleatease.com/smart-home-installation-college-station-tx,scripts/generate-location-pages.js|scripts/refresh-seo-and-promo-pages.mjs,true,1,0,0,0,0,10,1,2,true,true,BreadcrumbList|FAQPage|Question|Service
smart-home-installation-conroe-tx.html,city_service,public_marketing,PASS,"Smart Home Installation in Conroe, TX — From $69 | AssembleAtEase",https://www.assembleatease.com/smart-home-installation-conroe-tx,scripts/generate-location-pages.js|scripts/refresh-seo-and-promo-pages.mjs,true,1,0,0,0,0,10,1,2,true,true,BreadcrumbList|FAQPage|Question|Service
smart-home-installation-corpus-christi-tx.html,city_service,public_marketing,PASS,"Smart Home Installation in Corpus Christi, TX — From $69 | AssembleAtEase",https://www.assembleatease.com/smart-home-installation-corpus-christi-tx,scripts/generate-location-pages.js|scripts/refresh-seo-and-promo-pages.mjs,true,1,0,0,0,0,10,1,2,true,true,BreadcrumbList|FAQPage|Question|Service
smart-home-installation-dallas-tx.html,city_service,public_marketing,PASS,"Smart Home Installation in Dallas, TX — From $69 | AssembleAtEase",https://www.assembleatease.com/smart-home-installation-dallas-tx,scripts/generate-location-pages.js|scripts/refresh-seo-and-promo-pages.mjs,true,1,0,0,0,0,10,1,2,true,true,BreadcrumbList|FAQPage|Question|Service
smart-home-installation-denton-tx.html,city_service,public_marketing,PASS,"Smart Home Installation in Denton, TX — From $69 | AssembleAtEase",https://www.assembleatease.com/smart-home-installation-denton-tx,scripts/generate-location-pages.js|scripts/refresh-seo-and-promo-pages.mjs,true,1,0,0,0,0,10,1,2,true,true,BreadcrumbList|FAQPage|Question|Service
smart-home-installation-edinburg-tx.html,city_service,public_marketing,PASS,"Smart Home Installation in Edinburg, TX — From $69 | AssembleAtEase",https://www.assembleatease.com/smart-home-installation-edinburg-tx,scripts/generate-location-pages.js|scripts/refresh-seo-and-promo-pages.mjs,true,1,0,0,0,0,10,1,2,true,true,BreadcrumbList|FAQPage|Question|Service
smart-home-installation-el-paso-tx.html,city_service,public_marketing,PASS,"Smart Home Installation in El Paso, TX — From $69 | AssembleAtEase",https://www.assembleatease.com/smart-home-installation-el-paso-tx,scripts/generate-location-pages.js|scripts/refresh-seo-and-promo-pages.mjs,true,1,0,0,0,0,10,1,2,true,true,BreadcrumbList|FAQPage|Question|Service
smart-home-installation-fort-worth-tx.html,city_service,public_marketing,PASS,"Smart Home Installation in Fort Worth, TX — From $69 | AssembleAtEase",https://www.assembleatease.com/smart-home-installation-fort-worth-tx,scripts/generate-location-pages.js|scripts/refresh-seo-and-promo-pages.mjs,true,1,0,0,0,0,10,1,2,true,true,BreadcrumbList|FAQPage|Question|Service
smart-home-installation-frisco-tx.html,city_service,public_marketing,PASS,"Smart Home Installation in Frisco, TX — From $69 | AssembleAtEase",https://www.assembleatease.com/smart-home-installation-frisco-tx,scripts/generate-location-pages.js|scripts/refresh-seo-and-promo-pages.mjs,true,1,0,0,0,0,10,1,2,true,true,BreadcrumbList|FAQPage|Question|Service
smart-home-installation-garland-tx.html,city_service,public_marketing,PASS,"Smart Home Installation in Garland, TX — From $69 | AssembleAtEase",https://www.assembleatease.com/smart-home-installation-garland-tx,scripts/generate-location-pages.js|scripts/refresh-seo-and-promo-pages.mjs,true,1,0,0,0,0,10,1,2,true,true,BreadcrumbList|FAQPage|Question|Service
smart-home-installation-georgetown-tx.html,city_service,public_marketing,PASS,"Smart Home Installation in Georgetown, TX — From $69 | AssembleAtEase",https://www.assembleatease.com/smart-home-installation-georgetown-tx,scripts/generate-location-pages.js|scripts/refresh-seo-and-promo-pages.mjs,true,1,0,0,0,0,10,1,2,true,true,BreadcrumbList|FAQPage|Question|Service
smart-home-installation-grand-prairie-tx.html,city_service,public_marketing,PASS,"Smart Home Installation in Grand Prairie, TX — From $69 | AssembleAtEase",https://www.assembleatease.com/smart-home-installation-grand-prairie-tx,scripts/generate-location-pages.js|scripts/refresh-seo-and-promo-pages.mjs,true,1,0,0,0,0,10,1,2,true,true,BreadcrumbList|FAQPage|Question|Service
smart-home-installation-houston-tx.html,city_service,public_marketing,PASS,"Smart Home Installation in Houston, TX — From $69 | AssembleAtEase",https://www.assembleatease.com/smart-home-installation-houston-tx,scripts/generate-location-pages.js|scripts/refresh-seo-and-promo-pages.mjs,true,1,0,0,0,0,10,1,2,true,true,BreadcrumbList|FAQPage|Question|Service
smart-home-installation-hutto-tx.html,city_service,public_marketing,PASS,"Smart Home Installation in Hutto, TX — From $69 | AssembleAtEase",https://www.assembleatease.com/smart-home-installation-hutto-tx,scripts/generate-location-pages.js|scripts/refresh-seo-and-promo-pages.mjs,true,1,0,0,0,0,10,1,2,true,true,BreadcrumbList|FAQPage|Question|Service
smart-home-installation-irving-tx.html,city_service,public_marketing,PASS,"Smart Home Installation in Irving, TX — From $69 | AssembleAtEase",https://www.assembleatease.com/smart-home-installation-irving-tx,scripts/generate-location-pages.js|scripts/refresh-seo-and-promo-pages.mjs,true,1,0,0,0,0,10,1,2,true,true,BreadcrumbList|FAQPage|Question|Service
smart-home-installation-killeen-tx.html,city_service,public_marketing,PASS,"Smart Home Installation in Killeen, TX — From $69 | AssembleAtEase",https://www.assembleatease.com/smart-home-installation-killeen-tx,scripts/generate-location-pages.js|scripts/refresh-seo-and-promo-pages.mjs,true,1,0,0,0,0,10,1,2,true,true,BreadcrumbList|FAQPage|Question|Service
smart-home-installation-kyle-tx.html,city_service,public_marketing,PASS,"Smart Home Installation in Kyle, TX — From $69 | AssembleAtEase",https://www.assembleatease.com/smart-home-installation-kyle-tx,scripts/generate-location-pages.js|scripts/refresh-seo-and-promo-pages.mjs,true,1,0,0,0,0,10,1,2,true,true,BreadcrumbList|FAQPage|Question|Service
smart-home-installation-lakeway-tx.html,city_service,public_marketing,PASS,"Smart Home Installation in Lakeway, TX — From $69 | AssembleAtEase",https://www.assembleatease.com/smart-home-installation-lakeway-tx,scripts/generate-location-pages.js|scripts/refresh-seo-and-promo-pages.mjs,true,1,0,0,0,0,10,1,2,true,true,BreadcrumbList|FAQPage|Question|Service
smart-home-installation-laredo-tx.html,city_service,public_marketing,PASS,"Smart Home Installation in Laredo, TX — From $69 | AssembleAtEase",https://www.assembleatease.com/smart-home-installation-laredo-tx,scripts/generate-location-pages.js|scripts/refresh-seo-and-promo-pages.mjs,true,1,0,0,0,0,10,1,2,true,true,BreadcrumbList|FAQPage|Question|Service
smart-home-installation-league-city-tx.html,city_service,public_marketing,PASS,"Smart Home Installation in League City, TX — From $69 | AssembleAtEase",https://www.assembleatease.com/smart-home-installation-league-city-tx,scripts/generate-location-pages.js|scripts/refresh-seo-and-promo-pages.mjs,true,1,0,0,0,0,10,1,2,true,true,BreadcrumbList|FAQPage|Question|Service
smart-home-installation-leander-tx.html,city_service,public_marketing,PASS,"Smart Home Installation in Leander, TX — From $69 | AssembleAtEase",https://www.assembleatease.com/smart-home-installation-leander-tx,scripts/generate-location-pages.js|scripts/refresh-seo-and-promo-pages.mjs,true,1,0,0,0,0,10,1,2,true,true,BreadcrumbList|FAQPage|Question|Service
smart-home-installation-lubbock-tx.html,city_service,public_marketing,PASS,"Smart Home Installation in Lubbock, TX — From $69 | AssembleAtEase",https://www.assembleatease.com/smart-home-installation-lubbock-tx,scripts/generate-location-pages.js|scripts/refresh-seo-and-promo-pages.mjs,true,1,0,0,0,0,10,1,2,true,true,BreadcrumbList|FAQPage|Question|Service
smart-home-installation-manor-tx.html,city_service,public_marketing,PASS,"Smart Home Installation in Manor, TX — From $69 | AssembleAtEase",https://www.assembleatease.com/smart-home-installation-manor-tx,scripts/generate-location-pages.js|scripts/refresh-seo-and-promo-pages.mjs,true,1,0,0,0,0,10,1,2,true,true,BreadcrumbList|FAQPage|Question|Service
smart-home-installation-mcallen-tx.html,city_service,public_marketing,PASS,"Smart Home Installation in McAllen, TX — From $69 | AssembleAtEase",https://www.assembleatease.com/smart-home-installation-mcallen-tx,scripts/generate-location-pages.js|scripts/refresh-seo-and-promo-pages.mjs,true,1,0,0,0,0,10,1,2,true,true,BreadcrumbList|FAQPage|Question|Service
smart-home-installation-mckinney-tx.html,city_service,public_marketing,PASS,"Smart Home Installation in McKinney, TX — From $69 | AssembleAtEase",https://www.assembleatease.com/smart-home-installation-mckinney-tx,scripts/generate-location-pages.js|scripts/refresh-seo-and-promo-pages.mjs,true,1,0,0,0,0,10,1,2,true,true,BreadcrumbList|FAQPage|Question|Service
smart-home-installation-mesquite-tx.html,city_service,public_marketing,PASS,"Smart Home Installation in Mesquite, TX — From $69 | AssembleAtEase",https://www.assembleatease.com/smart-home-installation-mesquite-tx,scripts/generate-location-pages.js|scripts/refresh-seo-and-promo-pages.mjs,true,1,0,0,0,0,10,1,2,true,true,BreadcrumbList|FAQPage|Question|Service
smart-home-installation-midland-tx.html,city_service,public_marketing,PASS,"Smart Home Installation in Midland, TX — From $69 | AssembleAtEase",https://www.assembleatease.com/smart-home-installation-midland-tx,scripts/generate-location-pages.js|scripts/refresh-seo-and-promo-pages.mjs,true,1,0,0,0,0,10,1,2,true,true,BreadcrumbList|FAQPage|Question|Service
smart-home-installation-new-braunfels-tx.html,city_service,public_marketing,PASS,"Smart Home Installation in New Braunfels, TX — From $69 | AssembleAtEase",https://www.assembleatease.com/smart-home-installation-new-braunfels-tx,scripts/generate-location-pages.js|scripts/refresh-seo-and-promo-pages.mjs,true,1,0,0,0,0,10,1,2,true,true,BreadcrumbList|FAQPage|Question|Service
smart-home-installation-odessa-tx.html,city_service,public_marketing,PASS,"Smart Home Installation in Odessa, TX — From $69 | AssembleAtEase",https://www.assembleatease.com/smart-home-installation-odessa-tx,scripts/generate-location-pages.js|scripts/refresh-seo-and-promo-pages.mjs,true,1,0,0,0,0,10,1,2,true,true,BreadcrumbList|FAQPage|Question|Service
smart-home-installation-pasadena-tx.html,city_service,public_marketing,PASS,"Smart Home Installation in Pasadena, TX — From $69 | AssembleAtEase",https://www.assembleatease.com/smart-home-installation-pasadena-tx,scripts/generate-location-pages.js|scripts/refresh-seo-and-promo-pages.mjs,true,1,0,0,0,0,10,1,2,true,true,BreadcrumbList|FAQPage|Question|Service
smart-home-installation-pearland-tx.html,city_service,public_marketing,PASS,"Smart Home Installation in Pearland, TX — From $69 | AssembleAtEase",https://www.assembleatease.com/smart-home-installation-pearland-tx,scripts/generate-location-pages.js|scripts/refresh-seo-and-promo-pages.mjs,true,1,0,0,0,0,10,1,2,true,true,BreadcrumbList|FAQPage|Question|Service
smart-home-installation-pflugerville-tx.html,city_service,public_marketing,PASS,"Smart Home Installation in Pflugerville, TX — From $69 | AssembleAtEase",https://www.assembleatease.com/smart-home-installation-pflugerville-tx,scripts/generate-location-pages.js|scripts/refresh-seo-and-promo-pages.mjs,true,1,0,0,0,0,10,1,2,true,true,BreadcrumbList|FAQPage|Question|Service
smart-home-installation-plano-tx.html,city_service,public_marketing,PASS,"Smart Home Installation in Plano, TX — From $69 | AssembleAtEase",https://www.assembleatease.com/smart-home-installation-plano-tx,scripts/generate-location-pages.js|scripts/refresh-seo-and-promo-pages.mjs,true,1,0,0,0,0,10,1,2,true,true,BreadcrumbList|FAQPage|Question|Service
smart-home-installation-richardson-tx.html,city_service,public_marketing,PASS,"Smart Home Installation in Richardson, TX — From $69 | AssembleAtEase",https://www.assembleatease.com/smart-home-installation-richardson-tx,scripts/generate-location-pages.js|scripts/refresh-seo-and-promo-pages.mjs,true,1,0,0,0,0,10,1,2,true,true,BreadcrumbList|FAQPage|Question|Service
smart-home-installation-round-rock-tx.html,city_service,public_marketing,PASS,"Smart Home Installation in Round Rock, TX — From $69 | AssembleAtEase",https://www.assembleatease.com/smart-home-installation-round-rock-tx,scripts/generate-location-pages.js|scripts/refresh-seo-and-promo-pages.mjs,true,1,0,0,0,0,10,1,2,true,true,BreadcrumbList|FAQPage|Question|Service
smart-home-installation-san-angelo-tx.html,city_service,public_marketing,PASS,"Smart Home Installation in San Angelo, TX — From $69 | AssembleAtEase",https://www.assembleatease.com/smart-home-installation-san-angelo-tx,scripts/generate-location-pages.js|scripts/refresh-seo-and-promo-pages.mjs,true,1,0,0,0,0,10,1,2,true,true,BreadcrumbList|FAQPage|Question|Service
smart-home-installation-san-antonio-tx.html,city_service,public_marketing,PASS,"Smart Home Installation in San Antonio, TX — From $69 | AssembleAtEase",https://www.assembleatease.com/smart-home-installation-san-antonio-tx,scripts/generate-location-pages.js|scripts/refresh-seo-and-promo-pages.mjs,true,1,0,0,0,0,10,1,2,true,true,BreadcrumbList|FAQPage|Question|Service
smart-home-installation-sugar-land-tx.html,city_service,public_marketing,PASS,"Smart Home Installation in Sugar Land, TX — From $69 | AssembleAtEase",https://www.assembleatease.com/smart-home-installation-sugar-land-tx,scripts/generate-location-pages.js|scripts/refresh-seo-and-promo-pages.mjs,true,1,0,0,0,0,10,1,2,true,true,BreadcrumbList|FAQPage|Question|Service
smart-home-installation-temple-tx.html,city_service,public_marketing,PASS,"Smart Home Installation in Temple, TX — From $69 | AssembleAtEase",https://www.assembleatease.com/smart-home-installation-temple-tx,scripts/generate-location-pages.js|scripts/refresh-seo-and-promo-pages.mjs,true,1,0,0,0,0,10,1,2,true,true,BreadcrumbList|FAQPage|Question|Service
smart-home-installation-the-woodlands-tx.html,city_service,public_marketing,PASS,"Smart Home Installation in The Woodlands, TX — From $69 | AssembleAtEase",https://www.assembleatease.com/smart-home-installation-the-woodlands-tx,scripts/generate-location-pages.js|scripts/refresh-seo-and-promo-pages.mjs,true,1,0,0,0,0,10,1,2,true,true,BreadcrumbList|FAQPage|Question|Service
smart-home-installation-tyler-tx.html,city_service,public_marketing,PASS,"Smart Home Installation in Tyler, TX — From $69 | AssembleAtEase",https://www.assembleatease.com/smart-home-installation-tyler-tx,scripts/generate-location-pages.js|scripts/refresh-seo-and-promo-pages.mjs,true,1,0,0,0,0,10,1,2,true,true,BreadcrumbList|FAQPage|Question|Service
smart-home-installation-waco-tx.html,city_service,public_marketing,PASS,"Smart Home Installation in Waco, TX — From $69 | AssembleAtEase",https://www.assembleatease.com/smart-home-installation-waco-tx,scripts/generate-location-pages.js|scripts/refresh-seo-and-promo-pages.mjs,true,1,0,0,0,0,10,1,2,true,true,BreadcrumbList|FAQPage|Question|Service
terms.html,policy,public_support,PASS,Terms &amp; Conditions &mdash; AssembleAtEase,https://www.assembleatease.com/terms,manual marketing page,false,1,0,0,0,0,8,1,3,true,true,WebPage
track.html,support,public_support,PASS,Manage My Booking &mdash; AssembleAtEase,https://www.assembleatease.com/track,manual marketing page,false,1,0,0,0,0,9,1,3,true,true,
tv-mounting-abilene-tx.html,city_service,public_marketing,PASS,"TV Mounting in Abilene, TX — From $99 | AssembleAtEase",https://www.assembleatease.com/tv-mounting-abilene-tx,scripts/generate-location-pages.js|scripts/refresh-seo-and-promo-pages.mjs,true,1,0,0,0,0,10,1,2,true,true,BreadcrumbList|FAQPage|Question|Service
tv-mounting-allen-tx.html,city_service,public_marketing,PASS,"TV Mounting in Allen, TX — From $99 | AssembleAtEase",https://www.assembleatease.com/tv-mounting-allen-tx,scripts/generate-location-pages.js|scripts/refresh-seo-and-promo-pages.mjs,true,1,0,0,0,0,10,1,2,true,true,BreadcrumbList|FAQPage|Question|Service
tv-mounting-amarillo-tx.html,city_service,public_marketing,PASS,"TV Mounting in Amarillo, TX — From $99 | AssembleAtEase",https://www.assembleatease.com/tv-mounting-amarillo-tx,scripts/generate-location-pages.js|scripts/refresh-seo-and-promo-pages.mjs,true,1,0,0,0,0,10,1,2,true,true,BreadcrumbList|FAQPage|Question|Service
tv-mounting-arlington-tx.html,city_service,public_marketing,PASS,"TV Mounting in Arlington, TX — From $99 | AssembleAtEase",https://www.assembleatease.com/tv-mounting-arlington-tx,scripts/generate-location-pages.js|scripts/refresh-seo-and-promo-pages.mjs,true,1,0,0,0,0,10,1,2,true,true,BreadcrumbList|FAQPage|Question|Service
tv-mounting-austin-tx.html,flagship_service,public_marketing,PASS,"TV Mounting in Austin, TX — From $99 | AssembleAtEase",https://www.assembleatease.com/tv-mounting-austin-tx,scripts/build-flagship-service-pages.mjs,true,1,0,0,0,0,10,1,2,true,true,BreadcrumbList|FAQPage|Question|Service
tv-mounting-baytown-tx.html,city_service,public_marketing,PASS,"TV Mounting in Baytown, TX — From $99 | AssembleAtEase",https://www.assembleatease.com/tv-mounting-baytown-tx,scripts/generate-location-pages.js|scripts/refresh-seo-and-promo-pages.mjs,true,1,0,0,0,0,10,1,2,true,true,BreadcrumbList|FAQPage|Question|Service
tv-mounting-beaumont-tx.html,city_service,public_marketing,PASS,"TV Mounting in Beaumont, TX — From $99 | AssembleAtEase",https://www.assembleatease.com/tv-mounting-beaumont-tx,scripts/generate-location-pages.js|scripts/refresh-seo-and-promo-pages.mjs,true,1,0,0,0,0,10,1,2,true,true,BreadcrumbList|FAQPage|Question|Service
tv-mounting-bee-cave-tx.html,city_service,public_marketing,PASS,"TV Mounting in Bee Cave, TX — From $99 | AssembleAtEase",https://www.assembleatease.com/tv-mounting-bee-cave-tx,scripts/generate-location-pages.js|scripts/refresh-seo-and-promo-pages.mjs,true,1,0,0,0,0,10,1,2,true,true,BreadcrumbList|FAQPage|Question|Service
tv-mounting-brownsville-tx.html,city_service,public_marketing,PASS,"TV Mounting in Brownsville, TX — From $99 | AssembleAtEase",https://www.assembleatease.com/tv-mounting-brownsville-tx,scripts/generate-location-pages.js|scripts/refresh-seo-and-promo-pages.mjs,true,1,0,0,0,0,10,1,2,true,true,BreadcrumbList|FAQPage|Question|Service
tv-mounting-bryan-tx.html,city_service,public_marketing,PASS,"TV Mounting in Bryan, TX — From $99 | AssembleAtEase",https://www.assembleatease.com/tv-mounting-bryan-tx,scripts/generate-location-pages.js|scripts/refresh-seo-and-promo-pages.mjs,true,1,0,0,0,0,10,1,2,true,true,BreadcrumbList|FAQPage|Question|Service
tv-mounting-buda-tx.html,city_service,public_marketing,PASS,"TV Mounting in Buda, TX — From $99 | AssembleAtEase",https://www.assembleatease.com/tv-mounting-buda-tx,scripts/generate-location-pages.js|scripts/refresh-seo-and-promo-pages.mjs,true,1,0,0,0,0,10,1,2,true,true,BreadcrumbList|FAQPage|Question|Service
tv-mounting-cedar-park-tx.html,city_service,public_marketing,PASS,"TV Mounting in Cedar Park, TX — From $99 | AssembleAtEase",https://www.assembleatease.com/tv-mounting-cedar-park-tx,scripts/generate-location-pages.js|scripts/refresh-seo-and-promo-pages.mjs,true,1,0,0,0,0,10,1,2,true,true,BreadcrumbList|FAQPage|Question|Service
tv-mounting-college-station-tx.html,city_service,public_marketing,PASS,"TV Mounting in College Station, TX — From $99 | AssembleAtEase",https://www.assembleatease.com/tv-mounting-college-station-tx,scripts/generate-location-pages.js|scripts/refresh-seo-and-promo-pages.mjs,true,1,0,0,0,0,10,1,2,true,true,BreadcrumbList|FAQPage|Question|Service
tv-mounting-conroe-tx.html,city_service,public_marketing,PASS,"TV Mounting in Conroe, TX — From $99 | AssembleAtEase",https://www.assembleatease.com/tv-mounting-conroe-tx,scripts/generate-location-pages.js|scripts/refresh-seo-and-promo-pages.mjs,true,1,0,0,0,0,10,1,2,true,true,BreadcrumbList|FAQPage|Question|Service
tv-mounting-corpus-christi-tx.html,city_service,public_marketing,PASS,"TV Mounting in Corpus Christi, TX — From $99 | AssembleAtEase",https://www.assembleatease.com/tv-mounting-corpus-christi-tx,scripts/generate-location-pages.js|scripts/refresh-seo-and-promo-pages.mjs,true,1,0,0,0,0,10,1,2,true,true,BreadcrumbList|FAQPage|Question|Service
tv-mounting-dallas-tx.html,city_service,public_marketing,PASS,"TV Mounting in Dallas, TX — From $99 | AssembleAtEase",https://www.assembleatease.com/tv-mounting-dallas-tx,scripts/generate-location-pages.js|scripts/refresh-seo-and-promo-pages.mjs,true,1,0,0,0,0,10,1,2,true,true,BreadcrumbList|FAQPage|Question|Service
tv-mounting-denton-tx.html,city_service,public_marketing,PASS,"TV Mounting in Denton, TX — From $99 | AssembleAtEase",https://www.assembleatease.com/tv-mounting-denton-tx,scripts/generate-location-pages.js|scripts/refresh-seo-and-promo-pages.mjs,true,1,0,0,0,0,10,1,2,true,true,BreadcrumbList|FAQPage|Question|Service
tv-mounting-edinburg-tx.html,city_service,public_marketing,PASS,"TV Mounting in Edinburg, TX — From $99 | AssembleAtEase",https://www.assembleatease.com/tv-mounting-edinburg-tx,scripts/generate-location-pages.js|scripts/refresh-seo-and-promo-pages.mjs,true,1,0,0,0,0,10,1,2,true,true,BreadcrumbList|FAQPage|Question|Service
tv-mounting-el-paso-tx.html,city_service,public_marketing,PASS,"TV Mounting in El Paso, TX — From $99 | AssembleAtEase",https://www.assembleatease.com/tv-mounting-el-paso-tx,scripts/generate-location-pages.js|scripts/refresh-seo-and-promo-pages.mjs,true,1,0,0,0,0,10,1,2,true,true,BreadcrumbList|FAQPage|Question|Service
tv-mounting-fort-worth-tx.html,city_service,public_marketing,PASS,"TV Mounting in Fort Worth, TX — From $99 | AssembleAtEase",https://www.assembleatease.com/tv-mounting-fort-worth-tx,scripts/generate-location-pages.js|scripts/refresh-seo-and-promo-pages.mjs,true,1,0,0,0,0,10,1,2,true,true,BreadcrumbList|FAQPage|Question|Service
tv-mounting-frisco-tx.html,city_service,public_marketing,PASS,"TV Mounting in Frisco, TX — From $99 | AssembleAtEase",https://www.assembleatease.com/tv-mounting-frisco-tx,scripts/generate-location-pages.js|scripts/refresh-seo-and-promo-pages.mjs,true,1,0,0,0,0,10,1,2,true,true,BreadcrumbList|FAQPage|Question|Service
tv-mounting-garland-tx.html,city_service,public_marketing,PASS,"TV Mounting in Garland, TX — From $99 | AssembleAtEase",https://www.assembleatease.com/tv-mounting-garland-tx,scripts/generate-location-pages.js|scripts/refresh-seo-and-promo-pages.mjs,true,1,0,0,0,0,10,1,2,true,true,BreadcrumbList|FAQPage|Question|Service
tv-mounting-georgetown-tx.html,city_service,public_marketing,PASS,"TV Mounting in Georgetown, TX — From $99 | AssembleAtEase",https://www.assembleatease.com/tv-mounting-georgetown-tx,scripts/generate-location-pages.js|scripts/refresh-seo-and-promo-pages.mjs,true,1,0,0,0,0,10,1,2,true,true,BreadcrumbList|FAQPage|Question|Service
tv-mounting-grand-prairie-tx.html,city_service,public_marketing,PASS,"TV Mounting in Grand Prairie, TX — From $99 | AssembleAtEase",https://www.assembleatease.com/tv-mounting-grand-prairie-tx,scripts/generate-location-pages.js|scripts/refresh-seo-and-promo-pages.mjs,true,1,0,0,0,0,10,1,2,true,true,BreadcrumbList|FAQPage|Question|Service
tv-mounting-houston-tx.html,city_service,public_marketing,PASS,"TV Mounting in Houston, TX — From $99 | AssembleAtEase",https://www.assembleatease.com/tv-mounting-houston-tx,scripts/generate-location-pages.js|scripts/refresh-seo-and-promo-pages.mjs,true,1,0,0,0,0,10,1,2,true,true,BreadcrumbList|FAQPage|Question|Service
tv-mounting-hutto-tx.html,city_service,public_marketing,PASS,"TV Mounting in Hutto, TX — From $99 | AssembleAtEase",https://www.assembleatease.com/tv-mounting-hutto-tx,scripts/generate-location-pages.js|scripts/refresh-seo-and-promo-pages.mjs,true,1,0,0,0,0,10,1,2,true,true,BreadcrumbList|FAQPage|Question|Service
tv-mounting-irving-tx.html,city_service,public_marketing,PASS,"TV Mounting in Irving, TX — From $99 | AssembleAtEase",https://www.assembleatease.com/tv-mounting-irving-tx,scripts/generate-location-pages.js|scripts/refresh-seo-and-promo-pages.mjs,true,1,0,0,0,0,10,1,2,true,true,BreadcrumbList|FAQPage|Question|Service
tv-mounting-killeen-tx.html,city_service,public_marketing,PASS,"TV Mounting in Killeen, TX — From $99 | AssembleAtEase",https://www.assembleatease.com/tv-mounting-killeen-tx,scripts/generate-location-pages.js|scripts/refresh-seo-and-promo-pages.mjs,true,1,0,0,0,0,10,1,2,true,true,BreadcrumbList|FAQPage|Question|Service
tv-mounting-kyle-tx.html,city_service,public_marketing,PASS,"TV Mounting in Kyle, TX — From $99 | AssembleAtEase",https://www.assembleatease.com/tv-mounting-kyle-tx,scripts/generate-location-pages.js|scripts/refresh-seo-and-promo-pages.mjs,true,1,0,0,0,0,10,1,2,true,true,BreadcrumbList|FAQPage|Question|Service
tv-mounting-lakeway-tx.html,city_service,public_marketing,PASS,"TV Mounting in Lakeway, TX — From $99 | AssembleAtEase",https://www.assembleatease.com/tv-mounting-lakeway-tx,scripts/generate-location-pages.js|scripts/refresh-seo-and-promo-pages.mjs,true,1,0,0,0,0,10,1,2,true,true,BreadcrumbList|FAQPage|Question|Service
tv-mounting-laredo-tx.html,city_service,public_marketing,PASS,"TV Mounting in Laredo, TX — From $99 | AssembleAtEase",https://www.assembleatease.com/tv-mounting-laredo-tx,scripts/generate-location-pages.js|scripts/refresh-seo-and-promo-pages.mjs,true,1,0,0,0,0,10,1,2,true,true,BreadcrumbList|FAQPage|Question|Service
tv-mounting-league-city-tx.html,city_service,public_marketing,PASS,"TV Mounting in League City, TX — From $99 | AssembleAtEase",https://www.assembleatease.com/tv-mounting-league-city-tx,scripts/generate-location-pages.js|scripts/refresh-seo-and-promo-pages.mjs,true,1,0,0,0,0,10,1,2,true,true,BreadcrumbList|FAQPage|Question|Service
tv-mounting-leander-tx.html,city_service,public_marketing,PASS,"TV Mounting in Leander, TX — From $99 | AssembleAtEase",https://www.assembleatease.com/tv-mounting-leander-tx,scripts/generate-location-pages.js|scripts/refresh-seo-and-promo-pages.mjs,true,1,0,0,0,0,10,1,2,true,true,BreadcrumbList|FAQPage|Question|Service
tv-mounting-lubbock-tx.html,city_service,public_marketing,PASS,"TV Mounting in Lubbock, TX — From $99 | AssembleAtEase",https://www.assembleatease.com/tv-mounting-lubbock-tx,scripts/generate-location-pages.js|scripts/refresh-seo-and-promo-pages.mjs,true,1,0,0,0,0,10,1,2,true,true,BreadcrumbList|FAQPage|Question|Service
tv-mounting-manor-tx.html,city_service,public_marketing,PASS,"TV Mounting in Manor, TX — From $99 | AssembleAtEase",https://www.assembleatease.com/tv-mounting-manor-tx,scripts/generate-location-pages.js|scripts/refresh-seo-and-promo-pages.mjs,true,1,0,0,0,0,10,1,2,true,true,BreadcrumbList|FAQPage|Question|Service
tv-mounting-mcallen-tx.html,city_service,public_marketing,PASS,"TV Mounting in McAllen, TX — From $99 | AssembleAtEase",https://www.assembleatease.com/tv-mounting-mcallen-tx,scripts/generate-location-pages.js|scripts/refresh-seo-and-promo-pages.mjs,true,1,0,0,0,0,10,1,2,true,true,BreadcrumbList|FAQPage|Question|Service
tv-mounting-mckinney-tx.html,city_service,public_marketing,PASS,"TV Mounting in McKinney, TX — From $99 | AssembleAtEase",https://www.assembleatease.com/tv-mounting-mckinney-tx,scripts/generate-location-pages.js|scripts/refresh-seo-and-promo-pages.mjs,true,1,0,0,0,0,10,1,2,true,true,BreadcrumbList|FAQPage|Question|Service
tv-mounting-mesquite-tx.html,city_service,public_marketing,PASS,"TV Mounting in Mesquite, TX — From $99 | AssembleAtEase",https://www.assembleatease.com/tv-mounting-mesquite-tx,scripts/generate-location-pages.js|scripts/refresh-seo-and-promo-pages.mjs,true,1,0,0,0,0,10,1,2,true,true,BreadcrumbList|FAQPage|Question|Service
tv-mounting-midland-tx.html,city_service,public_marketing,PASS,"TV Mounting in Midland, TX — From $99 | AssembleAtEase",https://www.assembleatease.com/tv-mounting-midland-tx,scripts/generate-location-pages.js|scripts/refresh-seo-and-promo-pages.mjs,true,1,0,0,0,0,10,1,2,true,true,BreadcrumbList|FAQPage|Question|Service
tv-mounting-new-braunfels-tx.html,city_service,public_marketing,PASS,"TV Mounting in New Braunfels, TX — From $99 | AssembleAtEase",https://www.assembleatease.com/tv-mounting-new-braunfels-tx,scripts/generate-location-pages.js|scripts/refresh-seo-and-promo-pages.mjs,true,1,0,0,0,0,10,1,2,true,true,BreadcrumbList|FAQPage|Question|Service
tv-mounting-odessa-tx.html,city_service,public_marketing,PASS,"TV Mounting in Odessa, TX — From $99 | AssembleAtEase",https://www.assembleatease.com/tv-mounting-odessa-tx,scripts/generate-location-pages.js|scripts/refresh-seo-and-promo-pages.mjs,true,1,0,0,0,0,10,1,2,true,true,BreadcrumbList|FAQPage|Question|Service
tv-mounting-pasadena-tx.html,city_service,public_marketing,PASS,"TV Mounting in Pasadena, TX — From $99 | AssembleAtEase",https://www.assembleatease.com/tv-mounting-pasadena-tx,scripts/generate-location-pages.js|scripts/refresh-seo-and-promo-pages.mjs,true,1,0,0,0,0,10,1,2,true,true,BreadcrumbList|FAQPage|Question|Service
tv-mounting-pearland-tx.html,city_service,public_marketing,PASS,"TV Mounting in Pearland, TX — From $99 | AssembleAtEase",https://www.assembleatease.com/tv-mounting-pearland-tx,scripts/generate-location-pages.js|scripts/refresh-seo-and-promo-pages.mjs,true,1,0,0,0,0,10,1,2,true,true,BreadcrumbList|FAQPage|Question|Service
tv-mounting-pflugerville-tx.html,city_service,public_marketing,PASS,"TV Mounting in Pflugerville, TX — From $99 | AssembleAtEase",https://www.assembleatease.com/tv-mounting-pflugerville-tx,scripts/generate-location-pages.js|scripts/refresh-seo-and-promo-pages.mjs,true,1,0,0,0,0,10,1,2,true,true,BreadcrumbList|FAQPage|Question|Service
tv-mounting-plano-tx.html,city_service,public_marketing,PASS,"TV Mounting in Plano, TX — From $99 | AssembleAtEase",https://www.assembleatease.com/tv-mounting-plano-tx,scripts/generate-location-pages.js|scripts/refresh-seo-and-promo-pages.mjs,true,1,0,0,0,0,10,1,2,true,true,BreadcrumbList|FAQPage|Question|Service
tv-mounting-richardson-tx.html,city_service,public_marketing,PASS,"TV Mounting in Richardson, TX — From $99 | AssembleAtEase",https://www.assembleatease.com/tv-mounting-richardson-tx,scripts/generate-location-pages.js|scripts/refresh-seo-and-promo-pages.mjs,true,1,0,0,0,0,10,1,2,true,true,BreadcrumbList|FAQPage|Question|Service
tv-mounting-round-rock-tx.html,city_service,public_marketing,PASS,"TV Mounting in Round Rock, TX — From $99 | AssembleAtEase",https://www.assembleatease.com/tv-mounting-round-rock-tx,scripts/generate-location-pages.js|scripts/refresh-seo-and-promo-pages.mjs,true,1,0,0,0,0,10,1,2,true,true,BreadcrumbList|FAQPage|Question|Service
tv-mounting-san-angelo-tx.html,city_service,public_marketing,PASS,"TV Mounting in San Angelo, TX — From $99 | AssembleAtEase",https://www.assembleatease.com/tv-mounting-san-angelo-tx,scripts/generate-location-pages.js|scripts/refresh-seo-and-promo-pages.mjs,true,1,0,0,0,0,10,1,2,true,true,BreadcrumbList|FAQPage|Question|Service
tv-mounting-san-antonio-tx.html,city_service,public_marketing,PASS,"TV Mounting in San Antonio, TX — From $99 | AssembleAtEase",https://www.assembleatease.com/tv-mounting-san-antonio-tx,scripts/generate-location-pages.js|scripts/refresh-seo-and-promo-pages.mjs,true,1,0,0,0,0,10,1,2,true,true,BreadcrumbList|FAQPage|Question|Service
tv-mounting-sugar-land-tx.html,city_service,public_marketing,PASS,"TV Mounting in Sugar Land, TX — From $99 | AssembleAtEase",https://www.assembleatease.com/tv-mounting-sugar-land-tx,scripts/generate-location-pages.js|scripts/refresh-seo-and-promo-pages.mjs,true,1,0,0,0,0,10,1,2,true,true,BreadcrumbList|FAQPage|Question|Service
tv-mounting-temple-tx.html,city_service,public_marketing,PASS,"TV Mounting in Temple, TX — From $99 | AssembleAtEase",https://www.assembleatease.com/tv-mounting-temple-tx,scripts/generate-location-pages.js|scripts/refresh-seo-and-promo-pages.mjs,true,1,0,0,0,0,10,1,2,true,true,BreadcrumbList|FAQPage|Question|Service
tv-mounting-the-woodlands-tx.html,city_service,public_marketing,PASS,"TV Mounting in The Woodlands, TX — From $99 | AssembleAtEase",https://www.assembleatease.com/tv-mounting-the-woodlands-tx,scripts/generate-location-pages.js|scripts/refresh-seo-and-promo-pages.mjs,true,1,0,0,0,0,10,1,2,true,true,BreadcrumbList|FAQPage|Question|Service
tv-mounting-tyler-tx.html,city_service,public_marketing,PASS,"TV Mounting in Tyler, TX — From $99 | AssembleAtEase",https://www.assembleatease.com/tv-mounting-tyler-tx,scripts/generate-location-pages.js|scripts/refresh-seo-and-promo-pages.mjs,true,1,0,0,0,0,10,1,2,true,true,BreadcrumbList|FAQPage|Question|Service
tv-mounting-waco-tx.html,city_service,public_marketing,PASS,"TV Mounting in Waco, TX — From $99 | AssembleAtEase",https://www.assembleatease.com/tv-mounting-waco-tx,scripts/generate-location-pages.js|scripts/refresh-seo-and-promo-pages.mjs,true,1,0,0,0,0,10,1,2,true,true,BreadcrumbList|FAQPage|Question|Service
